Trade_date,Call,Put,Total,P/C Ratio
2003-10-17,134785,270102,404887,2.0
2003-10-20,110019,120439,230458,1.09
2003-10-21,125388,159054,284442,1.27
2003-10-22,122259,231406,353665,1.89
2003-10-23,86575,138675,225250,1.6
2003-10-24,123056,183230,306286,1.49
2003-10-27,76810,105423,182233,1.37
2003-10-28,149146,157514,306660,1.06
2003-10-29,116039,106728,222767,0.92
2003-10-30,97951,145896,243847,1.49
2003-10-31,86560,143092,229652,1.65
2003-11-03,137879,177315,315194,1.29
2003-11-04,86700,124310,211010,1.43
2003-11-05,89603,140662,230265,1.57
2003-11-06,120642,175800,296442,1.46
2003-11-07,101311,187180,288491,1.85
2003-11-10,82980,130443,213423,1.57
2003-11-11,89307,187646,276953,2.1
2003-11-12,109708,154215,263923,1.41
2003-11-13,111442,176554,287996,1.58
2003-11-14,122824,179625,302449,1.46
2003-11-17,177267,270481,447748,1.53
2003-11-18,176808,209303,386111,1.18
2003-11-19,225563,254269,479832,1.13
2003-11-20,296911,325572,622483,1.1
2003-11-21,162962,227786,390748,1.4
2003-11-24,123635,170080,293715,1.38
2003-11-25,142426,166273,308699,1.17
2003-11-26,84186,143051,227237,1.7
2003-11-28,51140,65321,116461,1.28
2003-12-01,162526,215623,378149,1.33
2003-12-02,133669,209190,342859,1.56
2003-12-03,135485,189668,325153,1.4
2003-12-04,97605,158264,255869,1.62
2003-12-05,89445,155274,244719,1.74
2003-12-09,158683,219007,377690,1.38
2003-12-08,103387,197225,300612,1.91
2003-12-10,120195,175243,295438,1.46
2003-12-11,177196,217512,394708,1.23
2003-12-12,171585,255705,427290,1.49
2003-12-15,246929,274187,521116,1.11
2003-12-16,179100,241150,420250,1.35
2003-12-17,177900,244314,422214,1.37
2003-12-18,417612,363051,780663,0.87
2003-12-19,197453,310471,507924,1.57
2003-12-22,88536,290201,378737,3.28
2003-12-23,94889,159860,254749,1.68
2003-12-24,23748,74160,97908,3.12
2003-12-26,18282,53168,71450,2.91
2003-12-29,148169,161103,309272,1.09
2003-12-30,103034,187525,290559,1.82
2003-12-31,96249,285095,381344,2.96
2004-01-02,104506,202793,307299,1.94
2004-01-05,173455,249311,422766,1.44
2004-01-06,130708,219917,350625,1.68
2004-01-07,147532,245815,393347,1.67
2004-01-08,190103,252740,442843,1.33
2004-01-09,172937,302049,474986,1.75
2004-01-12,152566,253693,406259,1.66
2004-01-13,249237,266363,515600,1.07
2004-01-14,239148,272415,511563,1.14
2004-01-15,300702,317611,618313,1.06
2004-01-16,172955,337843,510798,1.95
2004-01-20,131868,160472,292340,1.22
2004-01-21,125059,258543,383602,2.07
2004-01-22,102720,230597,333317,2.24
2004-01-23,96202,208957,305159,2.17
2004-01-26,107590,131611,239201,1.22
2004-01-27,108285,244761,353046,2.26
2004-01-28,139283,264067,403350,1.9
2004-01-29,124091,225259,349350,1.82
2004-01-30,122369,158787,281156,1.3
2004-02-02,93002,141056,234058,1.52
2004-02-03,75253,129385,204638,1.72
2004-02-04,97978,198732,296710,2.03
2004-02-05,103436,140353,243789,1.36
2004-02-06,117750,203003,320753,1.72
2004-02-09,75899,119351,195250,1.57
2004-02-10,103863,132899,236762,1.28
2004-02-11,173464,206868,380332,1.19
2004-02-12,95488,154084,249572,1.61
2004-02-13,133854,211958,345812,1.58
2004-02-17,139413,168291,307704,1.21
2004-02-18,175654,235140,410794,1.34
2004-02-19,288970,330032,619002,1.14
2004-02-20,178598,360781,539379,2.02
2004-02-23,115030,183939,298969,1.6
2004-02-24,108201,160919,269120,1.49
2004-02-25,76886,149798,226684,1.95
2004-02-26,107614,143869,251483,1.34
2004-02-27,96090,134628,230718,1.4
2004-03-01,125511,157738,283249,1.26
2004-03-02,102285,190216,292501,1.86
2004-03-03,111688,138406,250094,1.24
2004-03-04,122186,149181,271367,1.22
2004-03-05,140029,210313,350342,1.5
2004-03-08,122022,202696,324718,1.66
2004-03-09,193309,256685,449994,1.33
2004-03-10,246283,349459,595742,1.42
2004-03-11,235514,451181,686695,1.92
2004-03-12,194511,331355,525866,1.7
2004-03-15,201129,321431,522560,1.6
2004-03-16,241657,325578,567235,1.35
2004-03-17,280068,324325,604393,1.16
2004-03-18,269193,307298,576491,1.14
2004-03-19,175617,281549,457166,1.6
2004-03-22,208274,349929,558203,1.68
2004-03-23,177945,188525,366470,1.06
2004-03-24,147460,209965,357425,1.42
2004-03-25,160446,190647,351093,1.19
2004-03-26,101358,148087,249445,1.46
2004-03-29,144087,208663,352750,1.45
2004-03-30,103965,150896,254861,1.45
2004-03-31,113987,258635,372622,2.27
2004-04-01,185616,206067,391683,1.11
2004-04-02,158380,256449,414829,1.62
2004-04-05,161039,247854,408893,1.54
2004-04-06,118809,186971,305780,1.57
2004-04-07,120460,183065,303525,1.52
2004-04-08,125670,178637,304307,1.42
2004-04-12,98129,177378,275507,1.81
2004-04-13,197213,274188,471401,1.39
2004-04-14,224969,319518,544487,1.42
2004-04-15,248265,339585,587850,1.37
2004-04-16,177220,298987,476207,1.69
2004-04-19,123797,152500,276297,1.23
2004-04-20,133901,195846,329747,1.46
2004-04-21,133999,184088,318087,1.37
2004-04-22,176969,187207,364176,1.06
2004-04-23,100463,116461,216924,1.16
2004-04-26,71412,114369,185781,1.6
2004-04-27,103353,186257,289610,1.8
2004-04-28,114503,266791,381294,2.33
2004-04-29,133169,284011,417180,2.13
2004-04-30,112584,162625,275209,1.44
2004-05-03,99544,170212,269756,1.71
2004-05-04,115321,175945,291266,1.53
2004-05-05,95147,186567,281714,1.96
2004-05-06,143902,297406,441308,2.07
2004-05-07,155003,274538,429541,1.77
2004-05-10,231241,557835,789076,2.41
2004-05-11,195763,329273,525036,1.68
2004-05-12,256292,391376,647668,1.53
2004-05-13,145455,274349,419804,1.89
2004-05-14,131119,189060,320179,1.44
2004-05-17,180113,335932,516045,1.87
2004-05-18,152590,286542,439132,1.88
2004-05-19,246368,366489,612857,1.49
2004-05-20,209719,337465,547184,1.61
2004-05-21,207021,439191,646212,2.12
2004-05-24,129005,179341,308346,1.39
2004-05-25,180024,300188,480212,1.67
2004-05-26,98810,241880,340690,2.45
2004-05-27,135738,287841,423579,2.12
2004-05-28,63203,179147,242350,2.83
2004-06-01,77598,161572,239170,2.08
2004-06-02,118708,233978,352686,1.97
2004-06-03,110363,175184,285547,1.59
2004-06-04,145739,229548,375287,1.58
2004-06-07,228976,310122,539098,1.35
2004-06-08,160203,230350,390553,1.44
2004-06-09,113625,192256,305881,1.69
2004-06-10,121969,192477,314446,1.58
2004-06-14,173871,277058,450929,1.59
2004-06-15,201844,240916,442760,1.19
2004-06-16,246768,253031,499799,1.03
2004-06-17,213372,263177,476549,1.23
2004-06-18,187987,334500,522487,1.78
2004-06-21,119745,212622,332367,1.78
2004-06-22,137246,188053,325299,1.37
2004-06-23,117472,257814,375286,2.19
2004-06-24,162232,230245,392477,1.42
2004-06-25,90593,112563,203156,1.24
2004-06-28,102158,142896,245054,1.4
2004-06-29,88133,124967,213100,1.42
2004-06-30,136735,130859,267594,0.96
2004-07-01,159981,257784,417765,1.61
2004-07-02,100185,126743,226928,1.27
2004-07-06,155476,206298,361774,1.33
2004-07-07,122204,163168,285372,1.34
2004-07-08,150572,190358,340930,1.26
2004-07-09,145615,142263,287878,0.98
2004-07-12,136586,267356,403942,1.96
2004-07-13,121540,179285,300825,1.48
2004-07-14,238398,349881,588279,1.47
2004-07-15,226114,335510,561624,1.48
2004-07-16,190255,365652,555907,1.92
2004-07-19,165472,201310,366782,1.22
2004-07-20,137755,145329,283084,1.05
2004-07-21,134003,219660,353663,1.64
2004-07-22,189230,283335,472565,1.5
2004-07-23,93137,162636,255773,1.75
2004-07-26,133144,165168,298312,1.24
2004-07-27,149050,205662,354712,1.38
2004-07-28,121034,165841,286875,1.37
2004-07-29,124298,129612,253910,1.04
2004-07-30,79932,96680,176612,1.21
2004-08-02,91459,121052,212511,1.32
2004-08-03,92669,143337,236006,1.55
2004-08-04,124643,198685,323328,1.59
2004-08-05,148347,203311,351658,1.37
2004-08-06,217898,358900,576798,1.65
2004-08-09,172500,186256,358756,1.08
2004-08-10,186412,247387,433799,1.33
2004-08-11,180287,265636,445923,1.47
2004-08-12,152181,200688,352869,1.32
2004-08-13,156588,271007,427595,1.73
2004-08-16,162962,222226,385188,1.36
2004-08-17,174285,307727,482012,1.77
2004-08-18,265396,348406,613802,1.31
2004-08-19,249816,310160,559976,1.24
2004-08-20,264520,434522,699042,1.64
2004-08-23,128673,145242,273915,1.13
2004-08-24,106750,175543,282293,1.64
2004-08-25,127898,187245,315143,1.46
2004-08-26,121148,163594,284742,1.35
2004-08-27,114941,173084,288025,1.51
2004-08-30,89541,133127,222668,1.49
2004-08-31,152270,154417,306687,1.01
2004-09-01,83176,183111,266287,2.2
2004-09-02,132851,200450,333301,1.51
2004-09-03,129296,211892,341188,1.64
2004-09-07,172676,215778,388454,1.25
2004-09-08,85196,194854,280050,2.29
2004-09-09,132513,209903,342416,1.58
2004-09-10,115043,257845,372888,2.24
2004-09-13,240560,250916,491476,1.04
2004-09-14,208389,336928,545317,1.62
2004-09-15,172878,340886,513764,1.97
2004-09-16,217563,241747,459310,1.11
2004-09-17,163534,265956,429490,1.63
2004-09-20,148779,360944,509723,2.43
2004-09-21,161678,147346,309024,0.91
2004-09-22,128422,212719,341141,1.66
2004-09-23,122972,162084,285056,1.32
2004-09-24,93302,129702,223004,1.39
2004-09-27,104224,188752,292976,1.81
2004-09-28,168810,187821,356631,1.11
2004-09-29,86715,201309,288024,2.32
2004-09-30,97931,160483,258414,1.64
2004-10-01,206943,340094,547037,1.64
2004-10-04,158907,290410,449317,1.83
2004-10-05,108574,211265,319839,1.95
2004-10-06,128651,189368,318019,1.47
2004-10-07,180204,226204,406408,1.26
2004-10-08,173786,278099,451885,1.6
2004-10-11,102860,162974,265834,1.58
2004-10-12,203414,260896,464310,1.28
2004-10-13,331277,536806,868083,1.62
2004-10-14,287591,455340,742931,1.58
2004-10-15,286332,354698,641030,1.24
2004-10-18,158344,165827,324171,1.05
2004-10-19,127216,177211,304427,1.39
2004-10-20,184433,173917,358350,0.94
2004-10-21,94727,127659,222386,1.35
2004-10-22,172332,170902,343234,0.99
2004-10-25,128873,149352,278225,1.16
2004-10-26,135504,159728,295232,1.18
2004-10-27,187308,222238,409546,1.19
2004-10-28,173340,200469,373809,1.16
2004-10-29,138469,183028,321497,1.32
2004-11-01,123686,190478,314164,1.54
2004-11-02,156409,274779,431188,1.76
2004-11-03,244595,347628,592223,1.42
2004-11-04,309639,440633,750272,1.42
2004-11-05,258948,341022,599970,1.32
2004-11-08,126362,184580,310942,1.46
2004-11-09,121354,194357,315711,1.6
2004-11-10,145580,194918,340498,1.34
2004-11-11,203456,286240,489696,1.41
2004-11-12,277970,320979,598949,1.15
2004-11-15,248388,299343,547731,1.21
2004-11-16,205652,239438,445090,1.16
2004-11-17,395108,403728,798836,1.02
2004-11-18,250102,271268,521370,1.08
2004-11-19,195536,494864,690400,2.53
2004-11-22,124644,233801,358445,1.88
2004-11-23,125609,194546,320155,1.55
2004-11-24,90428,127717,218145,1.41
2004-11-26,42547,74925,117472,1.76
2004-11-29,131485,241700,373185,1.84
2004-11-30,117087,196913,314000,1.68
2004-12-01,182280,294139,476419,1.61
2004-12-02,160955,261361,422316,1.62
2004-12-03,165716,265368,431084,1.6
2004-12-06,143152,205639,348791,1.44
2004-12-07,167941,251054,418995,1.49
2004-12-08,146636,264404,411040,1.8
2004-12-09,233017,233628,466645,1.0
2004-12-10,130910,175685,306595,1.34
2004-12-13,178545,270873,449418,1.52
2004-12-14,236615,301804,538419,1.28
2004-12-15,212594,311712,524306,1.47
2004-12-16,266536,404275,670811,1.52
2004-12-17,238402,501301,739703,2.1
2004-12-20,100513,176406,276919,1.76
2004-12-21,141297,289787,431084,2.05
2004-12-22,110827,236564,347391,2.13
2004-12-23,74528,163573,238101,2.19
2004-12-27,93855,139657,233512,1.49
2004-12-28,89007,160311,249318,1.8
2004-12-29,63081,221471,284552,3.51
2004-12-30,96476,178563,275039,1.85
2004-12-31,71945,121038,192983,1.68
2005-01-03,122733,230053,352786,1.87
2005-01-04,248459,336179,584638,1.35
2005-01-05,190498,333445,523943,1.75
2005-01-06,125470,181103,306573,1.44
2005-01-07,202075,323120,525195,1.6
2005-01-10,165991,235400,401391,1.42
2005-01-11,155853,277011,432864,1.78
2005-01-12,200456,345339,545795,1.72
2005-01-13,180982,314877,495859,1.74
2005-01-14,194912,232747,427659,1.19
2005-01-18,346499,443370,789869,1.28
2005-01-19,247474,305725,553199,1.24
2005-01-20,364890,538952,903842,1.48
2005-01-21,258286,492131,750417,1.91
2005-01-24,241873,286259,528132,1.18
2005-01-25,208244,313158,521402,1.5
2005-01-26,152420,308223,460643,2.02
2005-01-27,189782,349000,538782,1.84
2005-01-28,251289,299732,551021,1.19
2005-01-31,187597,274099,461696,1.46
2005-02-01,247015,468356,715371,1.9
2005-02-02,198786,300370,499156,1.51
2005-02-03,221208,311172,532380,1.41
2005-02-04,221337,365080,586417,1.65
2005-02-07,141044,271017,412061,1.92
2005-02-08,158366,278861,437227,1.76
2005-02-09,193486,328692,522178,1.7
2005-02-10,159064,297385,456449,1.87
2005-02-11,227659,327457,555116,1.44
2005-02-14,149034,258405,407439,1.73
2005-02-15,272488,381787,654275,1.4
2005-02-16,430030,468177,898207,1.09
2005-02-17,354637,522500,877137,1.47
2005-02-18,281100,493503,774603,1.76
2005-02-22,339727,494782,834509,1.46
2005-02-23,151095,295999,447094,1.96
2005-02-24,154164,300087,454251,1.95
2005-02-25,260830,344400,605230,1.32
2005-02-28,153821,208446,362267,1.36
2005-03-01,141978,253475,395453,1.79
2005-03-02,224008,312469,536477,1.39
2005-03-03,181214,251206,432420,1.39
2005-03-04,280136,366736,646872,1.31
2005-03-07,233139,322637,555776,1.38
2005-03-08,155322,251606,406928,1.62
2005-03-09,199383,378943,578326,1.9
2005-03-10,192564,419142,611706,2.18
2005-03-11,209980,412988,622968,1.97
2005-03-14,199374,398208,597582,2.0
2005-03-15,359049,505223,864272,1.41
2005-03-16,451740,635177,1086917,1.41
2005-03-17,320348,631351,951699,1.97
2005-03-18,284442,838114,1122556,2.95
2005-03-21,245089,305143,550232,1.25
2005-03-22,239401,387659,627060,1.62
2005-03-23,294108,476641,770749,1.62
2005-03-24,155189,316520,471709,2.04
2005-03-28,125048,178939,303987,1.43
2005-03-29,336889,500589,837478,1.49
2005-03-30,273153,382051,655204,1.4
2005-03-31,241457,267831,509288,1.11
2005-04-01,268459,430899,699358,1.61
2005-04-04,176629,269939,446568,1.53
2005-04-05,232378,344930,577308,1.48
2005-04-06,278445,382866,661311,1.38
2005-04-07,279984,296354,576338,1.06
2005-04-08,244554,446083,690637,1.82
2005-04-11,177567,357383,534950,2.01
2005-04-12,403165,820737,1223902,2.04
2005-04-13,399067,611728,1010795,1.53
2005-04-14,527839,913296,1441135,1.73
2005-04-15,600220,1301871,1902091,2.17
2005-04-18,437391,692683,1130074,1.58
2005-04-19,264994,553894,818888,2.09
2005-04-20,293666,550431,844097,1.87
2005-04-21,463734,595364,1059098,1.28
2005-04-22,214169,406591,620760,1.9
2005-04-25,182831,221581,404412,1.21
2005-04-26,261231,246300,507531,0.94
2005-04-27,227361,407354,634715,1.79
2005-04-28,224927,445129,670056,1.98
2005-04-29,246291,407522,653813,1.65
2005-05-02,162655,289070,451725,1.78
2005-05-03,155551,265864,421415,1.71
2005-05-04,298178,392830,691008,1.32
2005-05-05,209667,447985,657652,2.14
2005-05-06,200445,335495,535940,1.67
2005-05-09,175552,245469,421021,1.4
2005-05-10,239690,412929,652619,1.72
2005-05-11,207636,372880,580516,1.8
2005-05-12,288929,522427,811356,1.81
2005-05-13,342772,540387,883159,1.58
2005-05-16,319621,415720,735341,1.3
2005-05-17,287204,478338,765542,1.67
2005-05-18,647198,777596,1424794,1.2
2005-05-19,574471,636081,1210552,1.11
2005-05-20,346654,771643,1118297,2.23
2005-05-23,224195,404149,628344,1.8
2005-05-24,206145,272180,478325,1.32
2005-05-25,171727,367945,539672,2.14
2005-05-26,252389,356375,608764,1.41
2005-05-27,119670,192551,312221,1.61
2005-05-31,156597,294486,451083,1.88
2005-06-01,424535,377100,801635,0.89
2005-06-02,170134,303612,473746,1.78
2005-06-03,221996,422023,644019,1.9
2005-06-06,185719,357541,543260,1.93
2005-06-07,370701,527032,897733,1.42
2005-06-08,188748,334076,522824,1.77
2005-06-09,212862,424370,637232,1.99
2005-06-10,194957,302214,497171,1.55
2005-06-13,266417,386719,653136,1.45
2005-06-14,296784,421567,718351,1.42
2005-06-15,409920,599245,1009165,1.46
2005-06-16,783694,672470,1456164,0.86
2005-06-17,517354,1000160,1517514,1.93
2005-06-20,193849,451378,645227,2.33
2005-06-21,124606,343152,467758,2.75
2005-06-22,259120,440895,700015,1.7
2005-06-23,227564,417103,644667,1.83
2005-06-24,267587,402033,669620,1.5
2005-06-27,194613,355450,550063,1.83
2005-06-28,246388,317500,563888,1.29
2005-06-29,159852,222581,382433,1.39
2005-06-30,336026,412903,748929,1.23
2005-07-01,162630,341447,504077,2.1
2005-07-05,235675,272699,508374,1.16
2005-07-06,236184,589303,825487,2.5
2005-07-07,329344,632695,962039,1.92
2005-07-08,371726,587091,958817,1.58
2005-07-11,330022,508662,838684,1.54
2005-07-12,330371,505910,836281,1.53
2005-07-13,306835,384719,691554,1.25
2005-07-14,547802,696581,1244383,1.27
2005-07-15,471200,560184,1031384,1.19
2005-07-18,196155,567573,763728,2.89
2005-07-19,292909,434139,727048,1.48
2005-07-20,310401,609771,920172,1.96
2005-07-21,235159,541263,776422,2.3
2005-07-22,129671,255535,385206,1.97
2005-07-25,107997,213640,321637,1.98
2005-07-26,163873,320147,484020,1.95
2005-07-27,197344,304475,501819,1.54
2005-07-28,219227,335556,554783,1.53
2005-07-29,308037,509036,817073,1.65
2005-08-01,152603,324836,477439,2.13
2005-08-02,186444,367793,554237,1.97
2005-08-03,187941,394205,582146,2.1
2005-08-04,196558,465313,661871,2.37
2005-08-05,234085,647701,881786,2.77
2005-08-08,253850,419547,673397,1.65
2005-08-09,201346,366422,567768,1.82
2005-08-10,406720,571539,978259,1.41
2005-08-11,187736,379713,567449,2.02
2005-08-12,271482,760051,1031533,2.8
2005-08-15,377850,311901,689751,0.83
2005-08-16,345785,633739,979524,1.83
2005-08-17,360052,751942,1111994,2.09
2005-08-18,390233,690528,1080761,1.77
2005-08-19,559930,954159,1514089,1.7
2005-08-22,344721,518163,862884,1.5
2005-08-23,185112,441623,626735,2.39
2005-08-24,228374,332400,560774,1.46
2005-08-25,167718,331795,499513,1.98
2005-08-26,219399,436928,656327,1.99
2005-08-29,224250,456594,680844,2.04
2005-08-30,232960,487188,720148,2.09
2005-08-31,296620,468081,764701,1.58
2005-09-01,261677,464317,725994,1.77
2005-09-02,149400,449080,598480,3.01
2005-09-06,284528,436493,721021,1.53
2005-09-07,236343,412626,648969,1.75
2005-09-08,194082,341379,535461,1.76
2005-09-09,244223,391302,635525,1.6
2005-09-12,395147,556064,951211,1.41
2005-09-13,393230,611207,1004437,1.55
2005-09-14,375672,515842,891514,1.37
2005-09-15,611127,642098,1253225,1.05
2005-09-16,606716,788855,1395571,1.3
2005-09-19,208453,529284,737737,2.54
2005-09-20,268101,569285,837386,2.12
2005-09-21,301615,728655,1030270,2.42
2005-09-22,278524,1084438,1362962,3.89
2005-09-23,226646,422995,649641,1.87
2005-09-26,219945,720377,940322,3.28
2005-09-27,140138,238738,378876,1.7
2005-09-28,243131,301987,545118,1.24
2005-09-29,255211,357419,612630,1.4
2005-09-30,223359,386637,609996,1.73
2005-10-03,180050,346735,526785,1.93
2005-10-04,202952,326622,529574,1.61
2005-10-05,416436,653645,1070081,1.57
2005-10-06,585598,1074908,1660506,1.84
2005-10-07,304098,510436,814534,1.68
2005-10-10,219447,395487,614934,1.8
2005-10-11,306263,782065,1088328,2.55
2005-10-12,428062,1055398,1483460,2.47
2005-10-13,405919,917589,1323508,2.26
2005-10-14,387655,640110,1027765,1.65
2005-10-17,305267,450535,755802,1.48
2005-10-18,312351,507220,819571,1.62
2005-10-19,560692,919364,1480056,1.64
2005-10-20,623376,949927,1573303,1.52
2005-10-21,624779,1028479,1653258,1.65
2005-10-24,468138,518512,986650,1.11
2005-10-25,279830,484949,764779,1.73
2005-10-26,246822,496446,743268,2.01
2005-10-27,261978,665484,927462,2.54
2005-10-28,306426,367321,673747,1.2
2005-10-31,385380,652143,1037523,1.69
2005-11-01,225174,397388,622562,1.76
2005-11-02,397974,503191,901165,1.26
2005-11-03,391117,799388,1190505,2.04
2005-11-04,230345,472010,702355,2.05
2005-11-07,236539,299182,535721,1.26
2005-11-08,316997,289340,606337,0.91
2005-11-09,360954,468626,829580,1.3
2005-11-10,393182,434003,827185,1.1
2005-11-11,300939,338724,639663,1.13
2005-11-14,311114,494039,805153,1.59
2005-11-15,371897,401889,773786,1.08
2005-11-16,415118,491025,906143,1.18
2005-11-17,787007,665821,1452828,0.85
2005-11-18,826626,710041,1536667,0.86
2005-11-21,468847,559888,1028735,1.19
2005-11-22,407839,881201,1289040,2.16
2005-11-23,487180,589045,1076225,1.21
2005-11-25,131792,209430,341222,1.59
2005-11-28,250621,513218,763839,2.05
2005-11-29,256469,607692,864161,2.37
2005-11-30,220328,343714,564042,1.56
2005-12-01,348374,546624,894998,1.57
2005-12-02,257533,424805,682338,1.65
2005-12-05,198929,342235,541164,1.72
2005-12-06,391852,416117,807969,1.06
2005-12-07,440211,496739,936950,1.13
2005-12-08,260672,518049,778721,1.99
2005-12-09,268489,367249,635738,1.37
2005-12-12,302447,257257,559704,0.85
2005-12-13,439281,364472,803753,0.83
2005-12-14,624104,533586,1157690,0.85
2005-12-15,1459346,601399,2060745,0.41
2005-12-16,724233,922834,1647067,1.27
2005-12-19,412855,761778,1174633,1.85
2005-12-20,235094,556070,791164,2.37
2005-12-21,444637,319636,764273,0.72
2005-12-22,133002,223764,356766,1.68
2005-12-23,117876,163935,281811,1.39
2005-12-27,183316,330232,513548,1.8
2005-12-28,134598,253359,387957,1.88
2005-12-29,146923,275020,421943,1.87
2005-12-30,265986,368946,634932,1.39
2006-01-03,328668,431518,760186,1.31
2006-01-04,363336,495209,858545,1.36
2006-01-05,251411,319562,570973,1.27
2006-01-06,514084,449150,963234,0.87
2006-01-09,427611,559470,987081,1.31
2006-01-10,342865,419292,762157,1.22
2006-01-11,478026,427115,905141,0.89
2006-01-12,298732,430055,728787,1.44
2006-01-13,207211,339386,546597,1.64
2006-01-17,338903,543022,881925,1.6
2006-01-18,489424,762329,1251753,1.56
2006-01-19,615335,1009627,1624962,1.64
2006-01-20,830225,1589563,2419788,1.91
2006-01-23,472795,764531,1237326,1.62
2006-01-24,299081,503003,802084,1.68
2006-01-25,322501,560647,883148,1.74
2006-01-26,306852,390961,697813,1.27
2006-01-27,389205,563103,952308,1.45
2006-01-30,129146,315027,444173,2.44
2006-01-31,203699,455279,658978,2.24
2006-02-01,187888,500767,688655,2.67
2006-02-02,233868,504163,738031,2.16
2006-02-03,233673,584543,818216,2.5
2006-02-06,155521,243355,398876,1.56
2006-02-07,336072,568299,904371,1.69
2006-02-08,273971,382114,656085,1.39
2006-02-09,337693,518023,855716,1.53
2006-02-10,510226,440287,950513,0.86
2006-02-13,258333,530801,789134,2.05
2006-02-14,434826,591633,1026459,1.36
2006-02-15,697872,643698,1341570,0.92
2006-02-16,736591,652776,1389367,0.89
2006-02-17,732437,993398,1725835,1.36
2006-02-21,324625,663809,988434,2.04
2006-02-22,356937,463856,820793,1.3
2006-02-23,259346,438267,697613,1.69
2006-02-24,191647,395903,587550,2.07
2006-02-27,324377,356662,681039,1.1
2006-02-28,352795,644695,997490,1.83
2006-03-01,258974,301634,560608,1.16
2006-03-02,217785,511755,729540,2.35
2006-03-03,310847,439559,750406,1.41
2006-03-06,224244,433048,657292,1.93
2006-03-07,400239,651263,1051502,1.63
2006-03-08,281720,608716,890436,2.16
2006-03-09,209478,383603,593081,1.83
2006-03-10,272998,551111,824109,2.02
2006-03-13,276133,407535,683668,1.48
2006-03-14,426182,547814,973996,1.29
2006-03-15,509029,484009,993038,0.95
2006-03-16,3236306,782957,4019263,0.24
2006-03-17,830094,872446,1702540,1.05
2006-03-20,269294,615027,884321,2.28
2006-03-21,288399,587655,876054,2.04
2006-03-22,237613,524410,762023,2.21
2006-03-23,199291,274060,473351,1.38
2006-03-24,240314,373104,613418,1.55
2006-03-27,177410,361205,538615,2.04
2006-03-28,271047,635222,906269,2.34
2006-03-29,338000,412452,750452,1.22
2006-03-30,209305,497231,706536,2.38
2006-03-31,207308,348310,555618,1.68
2006-04-03,248950,367617,616567,1.48
2006-04-04,220649,434885,655534,1.97
2006-04-05,225237,393991,619228,1.75
2006-04-06,325628,464128,789756,1.43
2006-04-07,332960,610146,943106,1.83
2006-04-10,286322,398600,684922,1.39
2006-04-11,422658,764461,1187119,1.81
2006-04-12,258499,412521,671020,1.6
2006-04-13,295026,427631,722657,1.45
2006-04-17,298863,493123,791986,1.65
2006-04-18,616162,700894,1317056,1.14
2006-04-19,434015,661894,1095909,1.53
2006-04-20,521371,792844,1314215,1.52
2006-04-21,767388,1267613,2035001,1.65
2006-04-24,307704,565397,873101,1.84
2006-04-25,313070,687781,1000851,2.2
2006-04-26,237930,560108,798038,2.35
2006-04-27,472834,581928,1054762,1.23
2006-04-28,327016,553647,880663,1.69
2006-05-01,323370,621324,944694,1.92
2006-05-02,240853,463141,703994,1.92
2006-05-03,263414,514037,777451,1.95
2006-05-04,316773,358534,675307,1.13
2006-05-05,403421,694592,1098013,1.72
2006-05-08,277581,558437,836018,2.01
2006-05-09,324509,487714,812223,1.5
2006-05-10,434792,582574,1017366,1.34
2006-05-11,729652,1074243,1803895,1.47
2006-05-12,738194,1550698,2288892,2.1
2006-05-15,555501,1346831,1902332,2.42
2006-05-16,425137,865914,1291051,2.04
2006-05-17,905564,2213372,3118936,2.44
2006-05-18,869947,1578914,2448861,1.81
2006-05-19,1107754,2155146,3262900,1.95
2006-05-22,616390,1473375,2089765,2.39
2006-05-23,430178,1040822,1471000,2.42
2006-05-24,486743,1478435,1965178,3.04
2006-05-25,481787,875653,1357440,1.82
2006-05-26,430264,550644,980908,1.28
2006-05-30,304950,773505,1078455,2.54
2006-05-31,439933,701821,1141754,1.6
2006-06-01,408481,751440,1159921,1.84
2006-06-02,376025,781192,1157217,2.08
2006-06-05,499128,851255,1350383,1.71
2006-06-06,716292,960109,1676401,1.34
2006-06-07,391932,900997,1292929,2.3
2006-06-08,899642,1848755,2748397,2.05
2006-06-09,513519,833739,1347258,1.62
2006-06-12,640684,1006497,1647181,1.57
2006-06-13,966989,1927373,2894362,1.99
2006-06-14,1175595,1627560,2803155,1.38
2006-06-15,1187848,1406046,2593894,1.18
2006-06-16,500825,1177859,1678684,2.35
2006-06-19,541695,1051478,1593173,1.94
2006-06-20,527179,664991,1192170,1.26
2006-06-21,490278,754786,1245064,1.54
2006-06-22,290823,542813,833636,1.87
2006-06-23,244809,484438,729247,1.98
2006-06-26,224276,264066,488342,1.18
2006-06-27,264891,569655,834546,2.15
2006-06-28,281443,373082,654525,1.33
2006-06-29,796133,759872,1556005,0.95
2006-06-30,379921,677895,1057816,1.78
2006-07-03,95784,228865,324649,2.39
2006-07-05,239107,683307,922414,2.86
2006-07-06,292658,361894,654552,1.24
2006-07-07,314206,520673,834879,1.66
2006-07-10,234207,463842,698049,1.98
2006-07-11,313353,580620,893973,1.85
2006-07-12,350214,806437,1156651,2.3
2006-07-13,779265,1161036,1940301,1.49
2006-07-14,668731,1213036,1881767,1.81
2006-07-17,479153,869775,1348928,1.82
2006-07-18,710841,1130092,1840933,1.59
2006-07-19,936933,1059094,1996027,1.13
2006-07-20,604902,1098424,1703326,1.82
2006-07-21,579065,1376284,1955349,2.38
2006-07-24,675266,638383,1313649,0.95
2006-07-25,370637,797898,1168535,2.15
2006-07-26,307074,801491,1108565,2.61
2006-07-27,315271,762951,1078222,2.42
2006-07-28,389315,600045,989360,1.54
2006-07-31,236895,347833,584728,1.47
2006-08-01,263090,379817,642907,1.44
2006-08-02,267935,496240,764175,1.85
2006-08-03,286916,449057,735973,1.57
2006-08-04,390241,805270,1195511,2.06
2006-08-07,299669,329780,629449,1.1
2006-08-08,532133,574288,1106421,1.08
2006-08-09,403340,672918,1076258,1.67
2006-08-10,467809,586377,1054186,1.25
2006-08-11,304751,442490,747241,1.45
2006-08-14,583319,589207,1172526,1.01
2006-08-15,751235,816719,1567954,1.09
2006-08-16,949024,990065,1939089,1.04
2006-08-17,846190,1073779,1919969,1.27
2006-08-18,882083,1155618,2037701,1.31
2006-08-21,425578,740800,1166378,1.74
2006-08-22,287444,685400,972844,2.38
2006-08-23,308912,756565,1065477,2.45
2006-08-24,281237,560495,841732,1.99
2006-08-25,203319,307278,510597,1.51
2006-08-28,344822,546452,891274,1.58
2006-08-29,265649,464207,729856,1.75
2006-08-30,277035,496735,773770,1.79
2006-08-31,283781,351041,634822,1.24
2006-09-01,339303,536906,876209,1.58
2006-09-05,261116,485350,746466,1.86
2006-09-06,330218,784431,1114649,2.38
2006-09-07,427549,750009,1177558,1.75
2006-09-08,315715,523941,839656,1.66
2006-09-11,462516,786319,1248835,1.7
2006-09-12,680473,940944,1621417,1.38
2006-09-13,819382,843621,1663003,1.03
2006-09-14,807952,895207,1703159,1.11
2006-09-15,779926,981252,1761178,1.26
2006-09-18,349554,729045,1078599,2.09
2006-09-19,306628,968721,1275349,3.16
2006-09-20,333388,591060,924448,1.77
2006-09-21,441566,627885,1069451,1.42
2006-09-22,356900,520801,877701,1.46
2006-09-25,275681,425836,701517,1.54
2006-09-26,372759,668303,1041062,1.79
2006-09-27,361883,561557,923440,1.55
2006-09-28,331678,415026,746704,1.25
2006-09-29,324065,383435,707500,1.18
2006-10-02,212563,447554,660117,2.11
2006-10-03,285260,507510,792770,1.78
2006-10-04,502816,713392,1216208,1.42
2006-10-05,455122,556086,1011208,1.22
2006-10-06,281205,528105,809310,1.88
2006-10-09,146598,398417,545015,2.72
2006-10-10,427219,532498,959717,1.25
2006-10-11,303254,619026,922280,2.04
2006-10-12,610433,823651,1434084,1.35
2006-10-13,641822,831803,1473625,1.3
2006-10-16,820820,966857,1787677,1.18
2006-10-17,596849,862324,1459173,1.44
2006-10-18,557688,920692,1478380,1.65
2006-10-19,633210,673127,1306337,1.06
2006-10-20,704358,889390,1593748,1.26
2006-10-23,637698,691204,1328902,1.08
2006-10-24,308023,847271,1155294,2.75
2006-10-25,338956,602631,941587,1.78
2006-10-26,516781,648209,1164990,1.25
2006-10-27,297462,739617,1037079,2.49
2006-10-30,241137,394758,635895,1.64
2006-10-31,358464,678243,1036707,1.89
2006-11-01,419430,642018,1061448,1.53
2006-11-02,304229,586860,891089,1.93
2006-11-03,349522,586534,936056,1.68
2006-11-06,310424,434524,744948,1.4
2006-11-07,403146,547982,951128,1.36
2006-11-08,454409,456037,910446,1.0
2006-11-09,291851,521508,813359,1.79
2006-11-10,250550,409810,660360,1.64
2006-11-13,456548,576953,1033501,1.26
2006-11-14,709662,849190,1558852,1.2
2006-11-15,914635,1144940,2059575,1.25
2006-11-16,787747,956928,1744675,1.21
2006-11-17,659432,1115208,1774640,1.69
2006-11-20,507407,829831,1337238,1.64
2006-11-21,298626,802311,1100937,2.69
2006-11-22,228115,453538,681653,1.99
2006-11-24,135771,370058,505829,2.73
2006-11-27,479986,1258639,1738625,2.62
2006-11-28,388600,609249,997849,1.57
2006-11-29,744896,666842,1411738,0.9
2006-11-30,391909,521990,913899,1.33
2006-12-01,490469,760957,1251426,1.55
2006-12-04,406392,598326,1004718,1.47
2006-12-05,404201,518889,923090,1.28
2006-12-06,345893,625995,971888,1.81
2006-12-07,432690,610684,1043374,1.41
2006-12-08,346127,492915,839042,1.42
2006-12-11,375387,433518,808905,1.15
2006-12-12,535474,779925,1315399,1.46
2006-12-13,511722,774615,1286337,1.51
2006-12-14,1144736,965908,2110644,0.84
2006-12-15,749327,902802,1652129,1.2
2006-12-18,350674,1048016,1398690,2.99
2006-12-19,558379,831760,1390139,1.49
2006-12-20,250432,473885,724317,1.89
2006-12-21,475648,757191,1232839,1.59
2006-12-22,273923,551734,825657,2.01
2006-12-26,153913,265031,418944,1.72
2006-12-27,298016,327823,625839,1.1
2006-12-28,370864,458248,829112,1.24
2006-12-29,230100,474860,704960,2.06
2007-01-03,424811,710457,1135268,1.67
2007-01-04,440914,733121,1174035,1.66
2007-01-05,411163,728985,1140148,1.77
2007-01-08,384145,481911,866056,1.25
2007-01-09,437726,485520,923246,1.11
2007-01-10,477455,684881,1162336,1.43
2007-01-11,625959,688470,1314429,1.1
2007-01-12,575100,651863,1226963,1.13
2007-01-16,515260,901158,1416418,1.75
2007-01-17,435872,798091,1233963,1.83
2007-01-18,664142,1017786,1681928,1.53
2007-01-19,646003,973758,1619761,1.51
2007-01-22,586825,942064,1528889,1.61
2007-01-23,413362,710123,1123485,1.72
2007-01-24,365587,612833,978420,1.68
2007-01-25,400040,1016930,1416970,2.54
2007-01-26,412983,712770,1125753,1.73
2007-01-29,296260,655057,951317,2.21
2007-01-30,259740,493289,753029,1.9
2007-01-31,367834,550560,918394,1.5
2007-02-01,382720,604074,986794,1.58
2007-02-02,330538,556204,886742,1.68
2007-02-05,203882,397136,601018,1.95
2007-02-06,262624,544603,807227,2.07
2007-02-07,349441,541048,890489,1.55
2007-02-08,341482,590664,932146,1.73
2007-02-09,598457,859315,1457772,1.44
2007-02-12,482616,941339,1423955,1.95
2007-02-13,549734,757746,1307480,1.38
2007-02-14,952837,1288145,2240982,1.35
2007-02-15,797291,883360,1680651,1.11
2007-02-16,458383,788713,1247096,1.72
2007-02-20,583742,893356,1477098,1.53
2007-02-21,387666,842232,1229898,2.17
2007-02-22,446873,869520,1316393,1.95
2007-02-23,261554,1012744,1274298,3.87
2007-02-26,324016,630985,955001,1.95
2007-02-27,1060648,3016629,4077277,2.84
2007-02-28,999201,1511497,2510698,1.51
2007-03-01,850794,1958883,2809677,2.3
2007-03-02,826120,1584630,2410750,1.92
2007-03-05,891083,2263211,3154294,2.54
2007-03-06,783663,1485888,2269551,1.9
2007-03-07,620515,1252831,1873346,2.02
2007-03-08,813669,1068901,1882570,1.31
2007-03-09,637093,1021706,1658799,1.6
2007-03-12,630359,988717,1619076,1.57
2007-03-13,822341,1755118,2577459,2.13
2007-03-14,1205989,2963918,4169907,2.46
2007-03-15,1023896,1528616,2552512,1.49
2007-03-16,570752,1180424,1751176,2.07
2007-03-19,620115,756224,1376339,1.22
2007-03-20,542939,757132,1300071,1.39
2007-03-21,910183,1576773,2486956,1.73
2007-03-22,793215,1074326,1867541,1.35
2007-03-23,412370,632466,1044836,1.53
2007-03-26,447253,691349,1138602,1.55
2007-03-27,308188,635738,943926,2.06
2007-03-28,460915,1112127,1573042,2.41
2007-03-29,441872,867064,1308936,1.96
2007-03-30,432116,1030891,1463007,2.39
2007-04-02,373365,496253,869618,1.33
2007-04-03,476441,1011404,1487845,2.12
2007-04-04,322509,618269,940778,1.92
2007-04-05,526345,677113,1203458,1.29
2007-04-09,359271,468349,827620,1.3
2007-04-10,350225,822078,1172303,2.35
2007-04-11,541146,853634,1394780,1.58
2007-04-12,445110,798840,1243950,1.79
2007-04-13,493308,787079,1280387,1.6
2007-04-16,928845,1164825,2093670,1.25
2007-04-17,804231,1028625,1832856,1.28
2007-04-18,782322,1026879,1809201,1.31
2007-04-19,855802,1263485,2119287,1.48
2007-04-20,821494,1060594,1882088,1.29
2007-04-23,552731,971048,1523779,1.76
2007-04-24,442442,1112837,1555279,2.52
2007-04-25,654438,845779,1500217,1.29
2007-04-26,634888,895984,1530872,1.41
2007-04-27,300577,864318,1164895,2.88
2007-04-30,540401,918478,1458879,1.7
2007-05-01,483305,1026645,1509950,2.12
2007-05-02,555230,756130,1311360,1.36
2007-05-03,465604,681171,1146775,1.46
2007-05-04,497286,853140,1350426,1.72
2007-05-07,325068,579222,904290,1.78
2007-05-08,385732,875463,1261195,2.27
2007-05-09,873124,931310,1804434,1.07
2007-05-10,534299,1074245,1608544,2.01
2007-05-11,579375,890565,1469940,1.54
2007-05-14,781544,1166739,1948283,1.49
2007-05-15,839166,1131113,1970279,1.35
2007-05-16,932992,1352961,2285953,1.45
2007-05-17,905016,1099667,2004683,1.22
2007-05-18,686096,1435048,2121144,2.09
2007-05-21,573064,1148792,1721856,2.0
2007-05-22,316277,1218500,1534777,3.85
2007-05-23,578144,946676,1524820,1.64
2007-05-24,494267,1116071,1610338,2.26
2007-05-25,348201,784253,1132454,2.25
2007-05-29,326655,589949,916604,1.81
2007-05-30,536537,779945,1316482,1.45
2007-05-31,569670,1082703,1652373,1.9
2007-06-01,491072,872250,1363322,1.78
2007-06-04,362747,725373,1088120,2.0
2007-06-05,863891,1167116,2031007,1.35
2007-06-06,655419,1315840,1971259,2.01
2007-06-07,864297,1777294,2641591,2.06
2007-06-08,717452,1372402,2089854,1.91
2007-06-11,594520,1031809,1626329,1.74
2007-06-12,866030,1515690,2381720,1.75
2007-06-13,811987,1211595,2023582,1.49
2007-06-14,1134819,1236617,2371436,1.09
2007-06-15,777673,1716175,2493848,2.21
2007-06-18,458737,806901,1265638,1.76
2007-06-19,352363,596606,948969,1.69
2007-06-20,618213,1125615,1743828,1.82
2007-06-21,491827,875522,1367349,1.78
2007-06-22,554427,950635,1505062,1.71
2007-06-25,518308,888214,1406522,1.71
2007-06-26,436619,877068,1313687,2.01
2007-06-27,1118093,1133564,2251657,1.01
2007-06-28,499710,742820,1242530,1.49
2007-06-29,666442,1034331,1700773,1.55
2007-07-02,296084,550040,846124,1.86
2007-07-03,296496,499222,795718,1.68
2007-07-05,319312,641926,961238,2.01
2007-07-06,478642,743051,1221693,1.55
2007-07-09,336912,593463,930375,1.76
2007-07-10,656299,1168724,1825023,1.78
2007-07-11,675043,1005941,1680984,1.49
2007-07-12,835601,1107742,1943343,1.33
2007-07-13,603154,1203953,1807107,2.0
2007-07-16,607684,910782,1518466,1.5
2007-07-17,601185,1029006,1630191,1.71
2007-07-18,775879,1396674,2172553,1.8
2007-07-19,1015299,1254501,2269800,1.24
2007-07-20,941084,2172322,3113406,2.31
2007-07-23,425044,754864,1179908,1.78
2007-07-24,615484,1923403,2538887,3.13
2007-07-25,756088,1410848,2166936,1.87
2007-07-26,1099364,2811024,3910388,2.56
2007-07-27,917014,2087857,3004871,2.28
2007-07-30,1077963,1840100,2918063,1.71
2007-07-31,978346,2025253,3003599,2.07
2007-08-01,973545,1993727,2967272,2.05
2007-08-02,773737,1276235,2049972,1.65
2007-08-03,726467,1969786,2696253,2.71
2007-08-06,1089451,2028760,3118211,1.86
2007-08-07,1033956,1581520,2615476,1.53
2007-08-08,1146049,1847962,2994011,1.61
2007-08-09,947383,1886904,2834287,1.99
2007-08-10,1194388,2193800,3388188,1.84
2007-08-13,1049709,1438558,2488267,1.37
2007-08-14,1044625,1805284,2849909,1.73
2007-08-15,1199368,2307829,3507197,1.92
2007-08-16,1973975,3896176,5870151,1.97
2007-08-17,1304747,2459938,3764685,1.89
2007-08-20,702315,989018,1691333,1.41
2007-08-21,784575,1025605,1810180,1.31
2007-08-22,628444,1263421,1891865,2.01
2007-08-23,620713,1107803,1728516,1.78
2007-08-24,657468,1007323,1664791,1.53
2007-08-27,393101,658594,1051695,1.68
2007-08-28,621950,1215784,1837734,1.95
2007-08-29,559361,793436,1352797,1.42
2007-08-30,450815,662575,1113390,1.47
2007-08-31,435070,781583,1216653,1.8
2007-09-04,578597,1046557,1625154,1.81
2007-09-05,454477,982886,1437363,2.16
2007-09-06,473976,647123,1121099,1.37
2007-09-07,650389,1164508,1814897,1.79
2007-09-10,555020,955796,1510816,1.72
2007-09-11,583435,822360,1405795,1.41
2007-09-12,572453,775171,1347624,1.35
2007-09-13,511510,945497,1457007,1.85
2007-09-14,419201,875751,1294952,2.09
2007-09-17,679059,1042715,1721774,1.54
2007-09-18,1138133,1652260,2790393,1.45
2007-09-19,1319147,1940302,3259449,1.47
2007-09-20,1196593,1774601,2971194,1.48
2007-09-21,881681,1247106,2128787,1.41
2007-09-24,805019,896428,1701447,1.11
2007-09-25,447328,951575,1398903,2.13
2007-09-26,662426,907370,1569796,1.37
2007-09-27,405684,651013,1056697,1.6
2007-09-28,564145,890305,1454450,1.58
2007-10-01,612450,888320,1500770,1.45
2007-10-02,466666,889263,1355929,1.91
2007-10-03,389642,585448,975090,1.5
2007-10-04,472403,647229,1119632,1.37
2007-10-05,772859,838838,1611697,1.09
2007-10-08,339334,540336,879670,1.59
2007-10-09,579320,736091,1315411,1.27
2007-10-10,488278,881459,1369737,1.81
2007-10-11,796426,1274321,2070747,1.6
2007-10-12,514087,723189,1237276,1.41
2007-10-15,735047,994550,1729597,1.35
2007-10-16,726359,965724,1692083,1.33
2007-10-17,1042134,1449187,2491321,1.39
2007-10-18,916189,1136360,2052549,1.24
2007-10-19,1047451,2018170,3065621,1.93
2007-10-22,651231,1148360,1799591,1.76
2007-10-23,569922,1021278,1591200,1.79
2007-10-24,841192,1187675,2028867,1.41
2007-10-25,546128,981969,1528097,1.8
2007-10-26,628261,976201,1604462,1.55
2007-10-29,409786,843456,1253242,2.06
2007-10-30,465317,909516,1374833,1.95
2007-10-31,713129,1084109,1797238,1.52
2007-11-01,837860,1236578,2074438,1.48
2007-11-02,792176,1532529,2324705,1.93
2007-11-05,763619,1241846,2005465,1.63
2007-11-06,867745,1271043,2138788,1.46
2007-11-07,944336,1578005,2522341,1.67
2007-11-08,1470957,2575102,4046059,1.75
2007-11-09,1141510,1747317,2888827,1.53
2007-11-12,1162504,1724523,2887027,1.48
2007-11-13,1204453,2021090,3225543,1.68
2007-11-14,1061135,1386543,2447678,1.31
2007-11-15,1140465,2104798,3245263,1.85
2007-11-16,1003029,1672534,2675563,1.67
2007-11-19,721284,1374724,2096008,1.91
2007-11-20,916279,1492170,2408449,1.63
2007-11-21,920654,1558922,2479576,1.69
2007-11-23,267241,414669,681910,1.55
2007-11-26,610250,916223,1526473,1.5
2007-11-27,609355,1031636,1640991,1.69
2007-11-28,834659,1243197,2077856,1.49
2007-11-29,395652,700865,1096517,1.77
2007-11-30,676077,1179253,1855330,1.74
2007-12-03,364058,495476,859534,1.36
2007-12-04,434621,677267,1111888,1.56
2007-12-05,579025,800597,1379622,1.38
2007-12-06,622810,964766,1587576,1.55
2007-12-07,546659,945169,1491828,1.73
2007-12-10,631214,902884,1534098,1.43
2007-12-11,982275,1502205,2484480,1.53
2007-12-12,739227,1133199,1872426,1.53
2007-12-13,673659,1085974,1759633,1.61
2007-12-14,561084,1046794,1607878,1.87
2007-12-17,896653,1566659,2463312,1.75
2007-12-18,1146478,1528609,2675087,1.33
2007-12-19,866901,1538728,2405629,1.77
2007-12-20,1296956,1467587,2764543,1.13
2007-12-21,2501050,1331561,3832611,0.53
2007-12-24,374239,440576,814815,1.18
2007-12-26,376801,701112,1077913,1.86
2007-12-27,409145,755377,1164522,1.85
2007-12-28,331585,646051,977636,1.95
2007-12-31,410710,773408,1184118,1.88
2008-01-02,717080,1237827,1954907,1.73
2008-01-03,688008,1056822,1744830,1.54
2008-01-04,1133523,1979108,3112631,1.75
2008-01-07,840905,1222927,2063832,1.45
2008-01-08,900137,1806051,2706188,2.01
2008-01-09,1247391,2132281,3379672,1.71
2008-01-10,996369,1426934,2423303,1.43
2008-01-11,911690,1172619,2084309,1.29
2008-01-14,941977,1244647,2186624,1.32
2008-01-15,1088841,1666250,2755091,1.53
2008-01-16,1584845,2440879,4025724,1.54
2008-01-17,1549196,3213305,4762501,2.07
2008-01-18,1304458,2310828,3615286,1.77
2008-01-22,1061802,2059238,3121040,1.94
2008-01-23,1352138,2294397,3646535,1.7
2008-01-24,1008545,1440934,2449479,1.43
2008-01-25,853351,1423365,2276716,1.67
2008-01-28,689811,947939,1637750,1.37
2008-01-29,690727,950956,1641683,1.38
2008-01-30,1129780,1184010,2313790,1.05
2008-01-31,902564,1211900,2114464,1.34
2008-02-01,979751,1222065,2201816,1.25
2008-02-04,526024,858225,1384249,1.63
2008-02-05,780555,1129075,1909630,1.45
2008-02-06,736194,1069872,1806066,1.45
2008-02-07,1013165,1452745,2465910,1.43
2008-02-08,715892,1195507,1911399,1.67
2008-02-11,786946,1102699,1889645,1.4
2008-02-12,1079477,1717155,2796632,1.59
2008-02-13,965162,1180426,2145588,1.22
2008-02-14,1097166,1402416,2499582,1.28
2008-02-15,832539,1436660,2269199,1.73
2008-02-19,676832,1116505,1793337,1.65
2008-02-20,715446,795018,1510464,1.11
2008-02-21,616997,865413,1482410,1.4
2008-02-22,714639,1105783,1820422,1.55
2008-02-25,616006,867684,1483690,1.41
2008-02-26,832910,1193737,2026647,1.43
2008-02-27,538011,961655,1499666,1.79
2008-02-28,489372,876287,1365659,1.79
2008-02-29,830638,1496753,2327391,1.8
2008-03-03,555304,1162686,1717990,2.09
2008-03-04,871520,1320820,2192340,1.52
2008-03-05,697687,1283202,1980889,1.84
2008-03-06,860901,1247262,2108163,1.45
2008-03-07,1062526,1692217,2754743,1.59
2008-03-10,856741,1791028,2647769,2.09
2008-03-11,1178391,1619198,2797589,1.37
2008-03-12,826311,1234960,2061271,1.49
2008-03-13,1043103,1786877,2829980,1.71
2008-03-14,1348582,2182125,3530707,1.62
2008-03-17,1367640,2215562,3583202,1.62
2008-03-18,1374248,1734171,3108419,1.26
2008-03-19,1436998,2212556,3649554,1.54
2008-03-20,986473,1626646,2613119,1.65
2008-03-24,1031134,1130796,2161930,1.1
2008-03-25,669099,890325,1559424,1.33
2008-03-26,713964,1054391,1768355,1.48
2008-03-27,554615,925979,1480594,1.67
2008-03-28,400968,724791,1125759,1.81
2008-03-31,521686,696498,1218184,1.34
2008-04-01,1244038,1250311,2494349,1.01
2008-04-02,779543,1143362,1922905,1.47
2008-04-03,504456,763332,1267788,1.51
2008-04-04,680842,1234787,1915629,1.81
2008-04-07,691354,955595,1646949,1.38
2008-04-08,441598,727537,1169135,1.65
2008-04-09,690031,1063318,1753349,1.54
2008-04-10,661680,848418,1510098,1.28
2008-04-11,764041,1446748,2210789,1.89
2008-04-14,732892,916248,1649140,1.25
2008-04-15,748915,919196,1668111,1.23
2008-04-16,1186746,1409804,2596550,1.19
2008-04-17,1049957,1226891,2276848,1.17
2008-04-18,1245028,1507500,2752528,1.21
2008-04-21,482877,967772,1450649,2.0
2008-04-22,523927,1141846,1665773,2.18
2008-04-23,462149,750937,1213086,1.62
2008-04-24,771544,1057716,1829260,1.37
2008-04-25,547318,712836,1260154,1.3
2008-04-28,459844,788247,1248091,1.71
2008-04-29,393980,719438,1113418,1.83
2008-04-30,591975,893250,1485225,1.51
2008-05-01,718413,1255097,1973510,1.75
2008-05-02,796102,1105385,1901487,1.39
2008-05-05,487654,788778,1276432,1.62
2008-05-06,780143,1050621,1830764,1.35
2008-05-07,766634,1339918,2106552,1.75
2008-05-08,519943,854588,1374531,1.64
2008-05-09,710455,933945,1644400,1.31
2008-05-12,652485,874138,1526623,1.34
2008-05-13,813376,935516,1748892,1.15
2008-05-14,1186064,1259181,2445245,1.06
2008-05-15,1042448,1112942,2155390,1.07
2008-05-16,985268,1336432,2321700,1.36
2008-05-19,796918,1170414,1967332,1.47
2008-05-20,718520,1282237,2000757,1.78
2008-05-21,759312,1446331,2205643,1.9
2008-05-22,595717,993406,1589123,1.67
2008-05-23,729711,1165124,1894835,1.6
2008-05-27,508036,776831,1284867,1.53
2008-05-28,515737,663856,1179593,1.29
2008-05-29,825662,962803,1788465,1.17
2008-05-30,468481,672194,1140675,1.43
2008-06-02,709258,1127721,1836979,1.59
2008-06-03,636326,1171505,1807831,1.84
2008-06-04,608572,1064420,1672992,1.75
2008-06-05,826424,1300672,2127096,1.57
2008-06-06,1198841,1960987,3159828,1.64
2008-06-09,1138095,1326840,2464935,1.17
2008-06-10,992056,1137953,2130009,1.15
2008-06-11,1060133,1636363,2696496,1.54
2008-06-12,909986,1177153,2087139,1.29
2008-06-13,935915,1083260,2019175,1.16
2008-06-16,956606,1065908,2022514,1.11
2008-06-17,674985,1030070,1705055,1.53
2008-06-18,1117709,1648255,2765964,1.47
2008-06-19,1306651,1684941,2991592,1.29
2008-06-20,1136811,2246345,3383156,1.98
2008-06-23,760664,994822,1755486,1.31
2008-06-24,877074,1230096,2107170,1.4
2008-06-25,1020086,1094871,2114957,1.07
2008-06-26,1129286,1886159,3015445,1.67
2008-06-27,1024783,1588680,2613463,1.55
2008-06-30,1032428,1548036,2580464,1.5
2008-07-01,1408762,1769814,3178576,1.26
2008-07-02,997404,1716813,2714217,1.72
2008-07-03,663054,1168124,1831178,1.76
2008-07-07,1131099,1868348,2999447,1.65
2008-07-08,1196405,1740877,2937282,1.46
2008-07-09,1081003,1351978,2432981,1.25
2008-07-10,1226772,1527749,2754521,1.25
2008-07-11,1550078,2327194,3877272,1.5
2008-07-14,1186000,1834829,3020829,1.55
2008-07-15,1862894,2677699,4540593,1.44
2008-07-16,1738273,1934678,3672951,1.11
2008-07-17,2056828,2068852,4125680,1.01
2008-07-18,1134505,1467851,2602356,1.29
2008-07-21,688007,919569,1607576,1.34
2008-07-22,1029755,1193539,2223294,1.16
2008-07-23,1251449,1709594,2961043,1.37
2008-07-24,884117,1355254,2239371,1.53
2008-07-25,795210,788096,1583306,0.99
2008-07-28,649291,1035343,1684634,1.59
2008-07-29,820183,992767,1812950,1.21
2008-07-30,936567,1103132,2039699,1.18
2008-07-31,695241,1035752,1730993,1.49
2008-08-01,645223,928387,1573610,1.44
2008-08-04,737140,1096096,1833236,1.49
2008-08-05,890825,1027902,1918727,1.15
2008-08-06,1042041,1296204,2338245,1.24
2008-08-07,772470,1130342,1902812,1.46
2008-08-08,1030257,1445649,2475906,1.4
2008-08-11,1433799,1542130,2975929,1.08
2008-08-12,1095588,1630119,2725707,1.49
2008-08-13,1259328,1749783,3009111,1.39
2008-08-14,1611029,1651606,3262635,1.03
2008-08-15,1045878,1594300,2640178,1.52
2008-08-18,851388,1252207,2103595,1.47
2008-08-19,952645,1363167,2315812,1.43
2008-08-20,707868,989110,1696978,1.4
2008-08-21,682263,1045044,1727307,1.53
2008-08-22,550369,748612,1298981,1.36
2008-08-25,504449,927393,1431842,1.84
2008-08-26,507113,630360,1137473,1.24
2008-08-27,592046,607987,1200033,1.03
2008-08-28,828613,799255,1627868,0.96
2008-08-29,614119,845397,1459516,1.38
2008-09-02,745025,1056348,1801373,1.42
2008-09-03,1048751,1154482,2203233,1.1
2008-09-04,1347697,1904490,3252187,1.41
2008-09-05,1286356,1589107,2875463,1.24
2008-09-08,1345570,1417561,2763131,1.05
2008-09-09,1289371,1650582,2939953,1.28
2008-09-10,1053529,1527312,2580841,1.45
2008-09-11,1434362,1834583,3268945,1.28
2008-09-12,1339884,1584777,2924661,1.18
2008-09-15,1393631,2442961,3836592,1.75
2008-09-16,1926803,3195356,5122159,1.66
2008-09-17,2156596,3783204,5939800,1.75
2008-09-18,2267937,3585869,5853806,1.58
2008-09-19,2035051,2450099,4485150,1.2
2008-09-22,986437,1317359,2303796,1.34
2008-09-23,1186090,1571474,2757564,1.32
2008-09-24,924593,1330596,2255189,1.44
2008-09-25,1269291,1257316,2526607,0.99
2008-09-26,939913,1188856,2128769,1.26
2008-09-29,1109724,2300383,3410107,2.07
2008-09-30,1086321,2129964,3216285,1.96
2008-10-01,888580,1202142,2090722,1.35
2008-10-02,982014,2030915,3012929,2.07
2008-10-03,1248340,1981037,3229377,1.59
2008-10-06,1878629,3940090,5818719,2.1
2008-10-07,1802880,2188529,3991409,1.21
2008-10-08,1637151,2511203,4148354,1.53
2008-10-09,1540765,2540398,4081163,1.65
2008-10-10,2172952,3070053,5243005,1.41
2008-10-13,1791410,1893018,3684428,1.06
2008-10-14,1798423,1669565,3467988,0.93
2008-10-15,1673588,2198733,3872321,1.31
2008-10-16,2223352,2885715,5109067,1.3
2008-10-17,1593018,1778679,3371697,1.12
2008-10-20,975859,1027739,2003598,1.05
2008-10-21,1056527,1040089,2096616,0.98
2008-10-22,1136849,1803584,2940433,1.59
2008-10-23,1261466,1965016,3226482,1.56
2008-10-24,894819,1412897,2307716,1.58
2008-10-27,739199,1192786,1931985,1.61
2008-10-28,947659,1477937,2425596,1.56
2008-10-29,1063371,1140812,2204183,1.07
2008-10-30,809823,798870,1608693,0.99
2008-10-31,777731,1008582,1786313,1.3
2008-11-03,621507,808197,1429704,1.3
2008-11-04,999039,1420999,2420038,1.42
2008-11-05,949437,1055794,2005231,1.11
2008-11-06,880609,1561671,2442280,1.77
2008-11-07,699914,857218,1557132,1.22
2008-11-10,636736,866353,1503089,1.36
2008-11-11,755498,1079282,1834780,1.43
2008-11-12,1098183,1481464,2579647,1.35
2008-11-13,1520604,1617862,3138466,1.06
2008-11-14,1062606,1298797,2361403,1.22
2008-11-17,1032001,1059762,2091763,1.03
2008-11-18,1271886,1543328,2815214,1.21
2008-11-19,1383013,2261881,3644894,1.64
2008-11-20,1706341,2673677,4380018,1.57
2008-11-21,1749364,1969559,3718923,1.13
2008-11-24,1193447,1180192,2373639,0.99
2008-11-25,786339,722309,1508648,0.92
2008-11-26,927393,825460,1752853,0.89
2008-11-28,309244,365934,675178,1.18
2008-12-01,789873,898173,1688046,1.14
2008-12-02,652779,820970,1473749,1.26
2008-12-03,687108,1018946,1706054,1.48
2008-12-04,801232,876030,1677262,1.09
2008-12-05,809278,1122991,1932269,1.39
2008-12-08,968242,1043954,2012196,1.08
2008-12-09,967302,921046,1888348,0.95
2008-12-10,816602,961480,1778082,1.18
2008-12-11,1053736,1201492,2255228,1.14
2008-12-12,861422,1016393,1877815,1.18
2008-12-15,797884,977076,1774960,1.22
2008-12-16,1197938,1397409,2595347,1.17
2008-12-17,1096069,1185190,2281259,1.08
2008-12-18,1119164,1126545,2245709,1.01
2008-12-19,911136,899041,1810177,0.99
2008-12-22,558402,562881,1121283,1.01
2008-12-23,454607,512374,966981,1.13
2008-12-24,151341,163630,314971,1.08
2008-12-26,164976,206264,371240,1.25
2008-12-29,415878,627388,1043266,1.51
2008-12-30,425612,509302,934914,1.2
2008-12-31,598400,652539,1250939,1.09
2009-01-02,689489,948502,1637991,1.38
2009-01-05,706521,801720,1508241,1.13
2009-01-06,929740,851323,1781063,0.92
2009-01-07,270579,344896,615475,1.27
2009-01-08,286614,426809,713423,1.49
2009-01-09,723744,926153,1649897,1.28
2009-01-12,811925,1130231,1942156,1.39
2009-01-13,1092216,985153,2077369,0.9
2009-01-14,1179584,1596346,2775930,1.35
2009-01-15,1355267,1899634,3254901,1.4
2009-01-16,1028371,1249681,2278052,1.22
2009-01-20,935881,1008971,1944852,1.08
2009-01-21,881912,1014576,1896488,1.15
2009-01-22,680025,784185,1464210,1.15
2009-01-23,784362,776608,1560970,0.99
2009-01-26,696872,691177,1388049,0.99
2009-01-27,584496,566040,1150536,0.97
2009-01-28,1113150,1086586,2199736,0.98
2009-01-29,713876,777949,1491825,1.09
2009-01-30,695597,900258,1595855,1.29
2009-02-02,654312,630804,1285116,0.96
2009-02-03,805850,773532,1579382,0.96
2009-02-04,687442,817360,1504802,1.19
2009-02-05,893304,709879,1603183,0.79
2009-02-06,1207814,1053313,2261127,0.87
2009-02-09,691866,567113,1258979,0.82
2009-02-10,1111359,1152967,2264326,1.04
2009-02-11,611172,747420,1358592,1.22
2009-02-12,975021,907911,1882932,0.93
2009-02-13,711776,792996,1504772,1.11
2009-02-17,1086855,1244735,2331590,1.15
2009-02-18,1022010,1584832,2606842,1.55
2009-02-19,1057149,1497407,2554556,1.42
2009-02-20,1222828,1854378,3077206,1.52
2009-02-23,925337,1095037,2020374,1.18
2009-02-24,894144,912481,1806625,1.02
2009-02-25,868637,1008534,1877171,1.16
2009-02-26,777381,573279,1350660,0.74
2009-02-27,768384,1125463,1893847,1.46
2009-03-02,1165741,1535982,2701723,1.32
2009-03-03,1014833,1196429,2211262,1.18
2009-03-04,1027988,1151280,2179268,1.12
2009-03-05,1223806,1414202,2638008,1.16
2009-03-06,1288948,1212192,2501140,0.94
2009-03-09,1139924,1022308,2162232,0.9
2009-03-10,1300054,1222346,2522400,0.94
2009-03-11,1012021,903676,1915697,0.89
2009-03-12,1368624,1130148,2498772,0.83
2009-03-13,978984,863941,1842925,0.88
2009-03-16,1301883,1228967,2530850,0.94
2009-03-17,1513443,1361321,2874764,0.9
2009-03-18,1819624,1473317,3292941,0.81
2009-03-19,1381253,1563079,2944332,1.13
2009-03-20,1186367,1396933,2583300,1.18
2009-03-23,1204838,1229261,2434099,1.02
2009-03-24,899846,919882,1819728,1.02
2009-03-25,811427,1036773,1848200,1.28
2009-03-26,715112,1017273,1732385,1.42
2009-03-27,637637,772285,1409922,1.21
2009-03-30,660253,1167247,1827500,1.77
2009-03-31,655919,732957,1388876,1.12
2009-04-01,772910,971191,1744101,1.26
2009-04-02,1421907,1199207,2621114,0.84
2009-04-03,804926,901431,1706357,1.12
2009-04-06,612230,927943,1540173,1.52
2009-04-07,747573,940370,1687943,1.26
2009-04-08,540530,750652,1291182,1.39
2009-04-09,1069137,1413704,2482841,1.32
2009-04-13,931023,1012019,1943042,1.09
2009-04-14,977674,1228352,2206026,1.26
2009-04-15,899658,1444340,2343998,1.61
2009-04-16,1325622,1385429,2711051,1.05
2009-04-17,1076583,1241436,2318019,1.15
2009-04-20,932806,1127413,2060219,1.21
2009-04-21,836278,1023726,1860004,1.22
2009-04-22,905551,976822,1882373,1.08
2009-04-23,641385,850612,1491997,1.33
2009-04-24,822016,1017536,1839552,1.24
2009-04-27,635230,800613,1435843,1.26
2009-04-28,463663,644066,1107729,1.39
2009-04-29,836181,839159,1675340,1.0
2009-04-30,669559,1119647,1789206,1.67
2009-05-01,562027,782410,1344437,1.39
2009-05-04,779746,974431,1754177,1.25
2009-05-05,972355,786429,1758784,0.81
2009-05-06,1134340,1364784,2499124,1.2
2009-05-07,1172255,1352930,2525185,1.15
2009-05-08,991276,1452928,2444204,1.47
2009-05-11,843233,1296150,2139383,1.54
2009-05-12,952825,1221614,2174439,1.28
2009-05-13,1136004,1474682,2610686,1.3
2009-05-14,1336348,1646832,2983180,1.23
2009-05-15,1024719,1151500,2176219,1.12
2009-05-18,740195,952800,1692995,1.29
2009-05-19,874520,1020738,1895258,1.17
2009-05-20,1054232,1324524,2378756,1.26
2009-05-21,901963,1206001,2107964,1.34
2009-05-22,548227,671017,1219244,1.22
2009-05-26,661192,752114,1413306,1.14
2009-05-27,808156,899177,1707333,1.11
2009-05-28,719460,806542,1526002,1.12
2009-05-29,615904,729814,1345718,1.18
2009-06-01,1100142,1284522,2384664,1.17
2009-06-02,753275,929576,1682851,1.23
2009-06-03,730441,984842,1715283,1.35
2009-06-04,599154,903155,1502309,1.51
2009-06-05,751108,903343,1654451,1.2
2009-06-08,592784,773525,1366309,1.3
2009-06-09,640890,832478,1473368,1.3
2009-06-10,851931,954703,1806634,1.12
2009-06-11,916848,1087654,2004502,1.19
2009-06-12,724338,917447,1641785,1.27
2009-06-15,995572,1154327,2149899,1.16
2009-06-16,1094719,1418117,2512836,1.3
2009-06-17,980672,1560380,2541052,1.59
2009-06-18,1029940,1232984,2262924,1.2
2009-06-19,1038884,1312788,2351672,1.26
2009-06-22,783868,1038670,1822538,1.33
2009-06-23,648062,930418,1578480,1.44
2009-06-24,667345,846294,1513639,1.27
2009-06-25,822884,907543,1730427,1.1
2009-06-26,642478,638577,1281055,0.99
2009-06-29,720659,616752,1337411,0.86
2009-06-30,773641,1074506,1848147,1.39
2009-07-01,817906,710928,1528834,0.87
2009-07-02,686103,1075870,1761973,1.57
2009-07-06,698114,774469,1472583,1.11
2009-07-07,849121,1041712,1890833,1.23
2009-07-08,1075641,1340671,2416312,1.25
2009-07-09,643079,970308,1613387,1.51
2009-07-10,712380,1085057,1797437,1.52
2009-07-13,1086414,1103771,2190185,1.02
2009-07-14,970915,863241,1834156,0.89
2009-07-15,1548969,1588004,3136973,1.03
2009-07-16,1332150,1318950,2651100,0.99
2009-07-17,892227,1064820,1957047,1.19
2009-07-20,849900,809757,1659657,0.95
2009-07-21,539243,719180,1258423,1.33
2009-07-22,664635,1093224,1757859,1.64
2009-07-23,1064601,1355283,2419884,1.27
2009-07-24,608133,755103,1363236,1.24
2009-07-27,540135,760569,1300704,1.41
2009-07-28,696712,840241,1536953,1.21
2009-07-29,708426,1094580,1803006,1.55
2009-07-30,971756,1006000,1977756,1.04
2009-07-31,559900,731440,1291340,1.31
2009-08-03,760399,816302,1576701,1.07
2009-08-04,759241,984556,1743797,1.3
2009-08-05,661071,956148,1617219,1.45
2009-08-06,676392,1018950,1695342,1.51
2009-08-07,832479,1132060,1964539,1.36
2009-08-10,529552,677870,1207422,1.28
2009-08-11,734504,770225,1504729,1.05
2009-08-12,731915,1170295,1902210,1.6
2009-08-13,749226,1011137,1760363,1.35
2009-08-14,746667,1191599,1938266,1.6
2009-08-17,999640,1391837,2391477,1.39
2009-08-18,825426,1179297,2004723,1.43
2009-08-19,930335,1454681,2385016,1.56
2009-08-20,1163520,1228413,2391933,1.06
2009-08-21,1244524,1238177,2482701,0.99
2009-08-24,672221,877993,1550214,1.31
2009-08-25,780988,950585,1731573,1.22
2009-08-26,494105,1030503,1524608,2.09
2009-08-27,729257,964438,1693695,1.32
2009-08-28,678548,859977,1538525,1.27
2009-08-31,562172,834730,1396902,1.48
2009-09-01,1213437,1583317,2796754,1.3
2009-09-02,877673,1151479,2029152,1.31
2009-09-03,802687,1216944,2019631,1.52
2009-09-04,740478,1048962,1789440,1.42
2009-09-08,754263,928656,1682919,1.23
2009-09-09,1080397,1408969,2489366,1.3
2009-09-10,901584,1252875,2154459,1.39
2009-09-11,1092015,1394200,2486215,1.28
2009-09-14,774626,1043615,1818241,1.35
2009-09-15,983453,1185534,2168987,1.21
2009-09-16,1644207,1666469,3310676,1.01
2009-09-17,1346852,1746278,3093130,1.3
2009-09-18,827125,1320536,2147661,1.6
2009-09-21,814080,773912,1587992,0.95
2009-09-22,571290,784638,1355928,1.37
2009-09-23,652084,1178595,1830679,1.81
2009-09-24,825443,1211367,2036810,1.47
2009-09-25,688751,1158401,1847152,1.68
2009-09-28,350530,738393,1088923,2.11
2009-09-29,585740,789426,1375166,1.35
2009-09-30,664519,1289269,1953788,1.94
2009-10-01,1117670,1416949,2534619,1.27
2009-10-02,839815,1347560,2187375,1.6
2009-10-05,617994,811575,1429569,1.31
2009-10-06,713125,1088474,1801599,1.53
2009-10-07,600051,833775,1433826,1.39
2009-10-08,909034,1032380,1941414,1.14
2009-10-09,543845,782167,1326012,1.44
2009-10-12,697247,944441,1641688,1.35
2009-10-13,743239,988598,1731837,1.33
2009-10-14,1343580,1441153,2784733,1.07
2009-10-15,1149637,1298090,2447727,1.13
2009-10-16,966874,1273124,2239998,1.32
2009-10-19,615117,1071398,1686515,1.74
2009-10-20,620099,920400,1540499,1.48
2009-10-21,665964,1374357,2040321,2.06
2009-10-22,851984,994767,1846751,1.17
2009-10-23,713577,908648,1622225,1.27
2009-10-26,745407,1021570,1766977,1.37
2009-10-27,664116,1218545,1882661,1.83
2009-10-28,972067,1772284,2744351,1.82
2009-10-29,815042,1121727,1936769,1.38
2009-10-30,1082630,1924268,3006898,1.78
2009-11-02,1178655,1607008,2785663,1.36
2009-11-03,729462,1020511,1749973,1.4
2009-11-04,980255,1126210,2106465,1.15
2009-11-05,781898,981894,1763792,1.26
2009-11-06,841830,1354599,2196429,1.61
2009-11-09,919494,1333461,2252955,1.45
2009-11-10,722836,915184,1638020,1.27
2009-11-11,884480,1321789,2206269,1.49
2009-11-12,1015387,1160994,2176381,1.14
2009-11-13,639372,1078786,1718158,1.69
2009-11-16,1119716,1373632,2493348,1.23
2009-11-17,700743,951941,1652684,1.36
2009-11-18,1005857,1254395,2260252,1.25
2009-11-19,1225470,1595923,2821393,1.3
2009-11-20,943448,1288163,2231611,1.37
2009-11-23,949083,886744,1835827,0.93
2009-11-24,598387,805840,1404227,1.35
2009-11-25,645344,786262,1431606,1.22
2009-11-27,542454,903973,1446427,1.67
2009-11-30,732012,1008097,1740109,1.38
2009-12-01,785048,1071592,1856640,1.37
2009-12-02,611281,1016093,1627374,1.66
2009-12-03,1412115,1021800,2433915,0.72
2009-12-04,1076841,1346816,2423657,1.25
2009-12-07,533086,763766,1296852,1.43
2009-12-08,941917,1233227,2175144,1.31
2009-12-09,794922,1242098,2037020,1.56
2009-12-10,826143,1129124,1955267,1.37
2009-12-11,748816,1030847,1779663,1.38
2009-12-14,772426,1062195,1834621,1.38
2009-12-15,983168,1078073,2061241,1.1
2009-12-16,1218546,1475764,2694310,1.21
2009-12-17,1532167,1803209,3335376,1.18
2009-12-18,1040603,1531114,2571717,1.47
2009-12-21,1195435,889181,2084616,0.74
2009-12-22,1578886,892414,2471300,0.57
2009-12-23,614632,774050,1388682,1.26
2009-12-24,278862,337371,616233,1.21
2009-12-28,508673,660006,1168679,1.3
2009-12-29,547977,775973,1323950,1.42
2009-12-30,688644,679417,1368061,0.99
2009-12-31,544900,752905,1297805,1.38
2010-01-04,777820,832810,1610630,1.07
2010-01-05,818054,893042,1711096,1.09
2010-01-06,782597,882035,1664632,1.13
2010-01-07,744223,990366,1734589,1.33
2010-01-08,936314,919639,1855953,0.98
2010-01-11,991349,1050191,2041540,1.06
2010-01-12,1025020,1234383,2259403,1.2
2010-01-13,1214495,1394825,2609320,1.15
2010-01-14,941612,1127715,2069327,1.2
2010-01-15,1069365,1399131,2468496,1.31
2010-01-19,1061119,1076633,2137752,1.01
2010-01-20,917493,1205206,2122699,1.31
2010-01-21,1085829,1419460,2505289,1.31
2010-01-22,1410449,2057868,3468317,1.46
2010-01-25,805798,1238000,2043798,1.54
2010-01-26,867900,1030019,1897919,1.19
2010-01-27,1065253,1357996,2423249,1.27
2010-01-28,975090,979978,1955068,1.01
2010-01-29,786055,1168477,1954532,1.49
2010-02-01,1101447,1007624,2109071,0.91
2010-02-02,800322,1086923,1887245,1.36
2010-02-03,715715,828046,1543761,1.16
2010-02-04,1079179,1550231,2629410,1.44
2010-02-05,1334962,2203490,3538452,1.65
2010-02-08,733475,990819,1724294,1.35
2010-02-09,916785,1218722,2135507,1.33
2010-02-10,725982,975867,1701849,1.34
2010-02-11,1068320,1051493,2119813,0.98
2010-02-12,790904,1019307,1810211,1.29
2010-02-16,1037205,1257976,2295181,1.21
2010-02-17,1307780,1665784,2973564,1.27
2010-02-18,1527273,1400871,2928144,0.92
2010-02-19,1170739,1293761,2464500,1.11
2010-02-22,834083,986320,1820403,1.18
2010-02-23,811162,1190541,2001703,1.47
2010-02-24,640041,774809,1414850,1.21
2010-02-25,835952,1085146,1921098,1.3
2010-02-26,726659,829058,1555717,1.14
2010-03-01,876198,1274884,2151082,1.46
2010-03-02,973706,1066179,2039885,1.09
2010-03-03,846135,1018012,1864147,1.2
2010-03-04,766814,1190658,1957472,1.55
2010-03-05,1194517,1458566,2653083,1.22
2010-03-08,607409,1114019,1721428,1.83
2010-03-09,1065137,1202749,2267886,1.13
2010-03-10,1005370,1442556,2447926,1.43
2010-03-11,811734,1362661,2174395,1.68
2010-03-12,763350,1183894,1947244,1.55
2010-03-15,770648,900599,1671247,1.17
2010-03-16,1045182,1205711,2250893,1.15
2010-03-17,1539463,2021131,3560594,1.31
2010-03-18,1264829,1317657,2582486,1.04
2010-03-19,800951,1446588,2247539,1.81
2010-03-22,637907,1131644,1769551,1.77
2010-03-23,710152,849124,1559276,1.2
2010-03-24,565414,941183,1506597,1.66
2010-03-25,808385,1340122,2148507,1.66
2010-03-26,578905,926897,1505802,1.6
2010-03-29,440391,701110,1141501,1.59
2010-03-30,514182,815170,1329352,1.59
2010-03-31,536776,893723,1430499,1.66
2010-04-01,689876,1070199,1760075,1.55
2010-04-05,619414,962473,1581887,1.55
2010-04-06,891761,1149095,2040856,1.29
2010-04-07,849364,1404271,2253635,1.65
2010-04-08,658171,1010100,1668271,1.53
2010-04-09,1067074,1133177,2200251,1.06
2010-04-12,786173,1055860,1842033,1.34
2010-04-13,1106939,1243374,2350313,1.12
2010-04-14,1270625,1409682,2680307,1.11
2010-04-15,1448718,2013084,3461802,1.39
2010-04-16,1386458,2204707,3591165,1.59
2010-04-19,1096164,1823716,2919880,1.66
2010-04-20,646518,1287513,1934031,1.99
2010-04-21,717943,1369714,2087657,1.91
2010-04-22,979955,1187955,2167910,1.21
2010-04-23,752229,933332,1685561,1.24
2010-04-26,625844,917444,1543288,1.47
2010-04-27,1050353,1567048,2617401,1.49
2010-04-28,818036,1197781,2015817,1.46
2010-04-29,888782,1043396,1932178,1.17
2010-04-30,760093,1560964,2321057,2.05
2010-05-03,622329,906128,1528457,1.46
2010-05-04,1420475,1999353,3419828,1.41
2010-05-05,1340818,2355144,3695962,1.76
2010-05-06,2255990,3202069,5458059,1.42
2010-05-07,2012500,3393074,5405574,1.69
2010-05-10,1459291,2140912,3600203,1.47
2010-05-11,1094339,1765485,2859824,1.61
2010-05-12,1064753,1508262,2573015,1.42
2010-05-13,996801,1294861,2291662,1.3
2010-05-14,1513136,2353327,3866463,1.56
2010-05-17,1213497,1729202,2942699,1.42
2010-05-18,1373496,1933298,3306794,1.41
2010-05-19,1545958,2985075,4531033,1.93
2010-05-20,1985693,4097780,6083473,2.06
2010-05-21,1632849,3098259,4731108,1.9
2010-05-24,974644,1274779,2249423,1.31
2010-05-25,1248177,2062316,3310493,1.65
2010-05-26,950666,1775516,2726182,1.87
2010-05-27,859401,1554697,2414098,1.81
2010-05-28,760208,1485679,2245887,1.95
2010-06-01,665722,878748,1544470,1.32
2010-06-02,792489,1016749,1809238,1.28
2010-06-03,721989,1315838,2037827,1.82
2010-06-04,973991,1385573,2359564,1.42
2010-06-07,929058,1309719,2238777,1.41
2010-06-08,1147102,1846720,2993822,1.61
2010-06-09,822274,1309825,2132099,1.59
2010-06-10,967392,1382865,2350257,1.43
2010-06-11,761336,1145800,1907136,1.5
2010-06-14,710824,1378725,2089549,1.94
2010-06-15,954159,1210929,2165088,1.27
2010-06-16,1083811,1351537,2435348,1.25
2010-06-17,973598,1127479,2101077,1.16
2010-06-18,861385,1105974,1967359,1.28
2010-06-21,720339,1186206,1906545,1.65
2010-06-22,689781,1120952,1810733,1.63
2010-06-23,579874,986498,1566372,1.7
2010-06-24,789069,1296717,2085786,1.64
2010-06-25,600256,777142,1377398,1.29
2010-06-28,496350,472243,968593,0.95
2010-06-29,1088865,1565510,2654375,1.44
2010-06-30,748801,1254376,2003177,1.68
2010-07-01,1100970,2018157,3119127,1.83
2010-07-02,629683,812515,1442198,1.29
2010-07-06,712743,1274833,1987576,1.79
2010-07-07,811068,1088944,1900012,1.34
2010-07-08,693479,781524,1475003,1.13
2010-07-09,786807,923054,1709861,1.17
2010-07-12,609484,990399,1599883,1.62
2010-07-13,1028197,1369744,2397941,1.33
2010-07-14,957107,1332267,2289374,1.39
2010-07-15,903465,1137578,2041043,1.26
2010-07-16,792632,1375590,2168222,1.74
2010-07-19,637219,729567,1366786,1.14
2010-07-20,688991,1057821,1746812,1.54
2010-07-21,546674,970829,1517503,1.78
2010-07-22,785966,1042875,1828841,1.33
2010-07-23,564010,768272,1332282,1.36
2010-07-26,598426,1063694,1662120,1.78
2010-07-27,536477,821772,1358249,1.53
2010-07-28,440721,655008,1095729,1.49
2010-07-29,501357,850371,1351728,1.7
2010-07-30,559187,604757,1163944,1.08
2010-08-02,615004,995111,1610115,1.62
2010-08-03,481422,682019,1163441,1.42
2010-08-04,498141,703054,1201195,1.41
2010-08-05,415005,737682,1152687,1.78
2010-08-06,629314,932120,1561434,1.48
2010-08-09,518736,619902,1138638,1.2
2010-08-10,636576,1000749,1637325,1.57
2010-08-11,921675,1333359,2255034,1.45
2010-08-12,731023,1150127,1881150,1.57
2010-08-13,525772,785310,1311082,1.49
2010-08-16,707346,808090,1515436,1.14
2010-08-17,742241,1142544,1884785,1.54
2010-08-18,835154,1581193,2416347,1.89
2010-08-19,1076511,1313170,2389681,1.22
2010-08-20,907633,1367953,2275586,1.51
2010-08-23,571890,898210,1470100,1.57
2010-08-24,786580,978881,1765461,1.24
2010-08-25,734491,1176238,1910729,1.6
2010-08-26,729060,816577,1545637,1.12
2010-08-27,864799,925128,1789927,1.07
2010-08-30,442033,711453,1153486,1.61
2010-08-31,603668,693532,1297200,1.15
2010-09-01,944892,1170530,2115422,1.24
2010-09-02,618218,900708,1518926,1.46
2010-09-03,875869,1218922,2094791,1.39
2010-09-07,506451,1251796,1758247,2.47
2010-09-08,706446,1068138,1774584,1.51
2010-09-09,641920,1103304,1745224,1.72
2010-09-10,697386,1343069,2040455,1.93
2010-09-13,1009258,1236749,2246007,1.23
2010-09-14,868185,1157762,2025947,1.33
2010-09-15,1116585,1534614,2651199,1.37
2010-09-16,1261093,1324387,2585480,1.05
2010-09-17,782804,1178868,1961672,1.51
2010-09-20,717319,1045143,1762462,1.46
2010-09-21,693196,1119589,1812785,1.62
2010-09-22,684198,881985,1566183,1.29
2010-09-23,564711,858403,1423114,1.52
2010-09-24,659161,886018,1545179,1.34
2010-09-27,488494,662027,1150521,1.36
2010-09-28,524286,979967,1504253,1.87
2010-09-29,632314,755066,1387380,1.19
2010-09-30,816714,1021032,1837746,1.25
2010-10-01,812729,918572,1731301,1.13
2010-10-04,618643,688260,1306903,1.11
2010-10-05,1044303,1379692,2423995,1.32
2010-10-06,729671,951504,1681175,1.3
2010-10-07,724321,1223686,1948007,1.69
2010-10-08,799643,998747,1798390,1.25
2010-10-11,774819,925370,1700189,1.19
2010-10-12,803904,1669311,2473215,2.08
2010-10-13,1605061,1722609,3327670,1.07
2010-10-14,1200051,1457444,2657495,1.21
2010-10-15,1051719,1319412,2371131,1.25
2010-10-18,652705,999601,1652306,1.53
2010-10-19,816658,1076237,1892895,1.32
2010-10-20,811904,1266307,2078211,1.56
2010-10-21,837049,1077365,1914414,1.29
2010-10-22,683363,767017,1450380,1.12
2010-10-25,642201,929741,1571942,1.45
2010-10-26,523318,889677,1412995,1.7
2010-10-27,617406,804737,1422143,1.3
2010-10-28,621522,885247,1506769,1.42
2010-10-29,659513,1015129,1674642,1.54
2010-11-01,641017,846459,1487476,1.32
2010-11-02,770696,887427,1658123,1.15
2010-11-03,817507,1243955,2061462,1.52
2010-11-04,1640027,1867321,3507348,1.14
2010-11-05,1073660,1297455,2371115,1.21
2010-11-08,657534,693083,1350617,1.05
2010-11-09,896432,1200708,2097140,1.34
2010-11-10,836356,911613,1747969,1.09
2010-11-11,704271,818591,1522862,1.16
2010-11-12,1025029,1579925,2604954,1.54
2010-11-15,741157,890081,1631238,1.2
2010-11-16,1375336,1750343,3125679,1.27
2010-11-17,1006105,1351181,2357286,1.34
2010-11-18,1161754,1407731,2569485,1.21
2010-11-19,1346311,1041630,2387941,0.77
2010-11-22,712050,861241,1573291,1.21
2010-11-23,715753,921807,1637560,1.29
2010-11-24,633034,1203383,1836417,1.9
2010-11-26,426143,444939,871082,1.04
2010-11-29,622839,876006,1498845,1.41
2010-11-30,729307,980947,1710254,1.35
2010-12-01,784170,1113894,1898064,1.42
2010-12-02,972685,1069884,2042569,1.1
2010-12-03,845208,974644,1819852,1.15
2010-12-06,741230,820889,1562119,1.11
2010-12-07,1027438,1266334,2293772,1.23
2010-12-08,719272,873247,1592519,1.21
2010-12-09,810898,1023114,1834012,1.26
2010-12-10,870369,1181551,2051920,1.36
2010-12-13,952998,941389,1894387,0.99
2010-12-14,991859,1438288,2430147,1.45
2010-12-15,1075966,892739,1968705,0.83
2010-12-16,1160120,1600440,2760560,1.38
2010-12-17,1003935,1213591,2217526,1.21
2010-12-20,775131,837438,1612569,1.08
2010-12-21,622442,710895,1333337,1.14
2010-12-22,729557,1007221,1736778,1.38
2010-12-23,430814,678816,1109630,1.58
2010-12-27,304374,393457,697831,1.29
2010-12-28,354916,479767,834683,1.35
2010-12-29,369420,494244,863664,1.34
2010-12-30,637421,618593,1256014,0.97
2010-12-31,403820,568744,972564,1.41
2011-01-03,981037,1087569,2068606,1.11
2011-01-04,886527,921724,1808251,1.04
2011-01-05,906593,991802,1898395,1.09
2011-01-06,885140,1140528,2025668,1.29
2011-01-07,757063,1404669,2161732,1.86
2011-01-10,698502,865141,1563643,1.24
2011-01-11,757971,1084357,1842328,1.43
2011-01-12,1024945,1462466,2487411,1.43
2011-01-13,884217,1031002,1915219,1.17
2011-01-14,1068806,1128051,2196857,1.06
2011-01-18,1091763,1366779,2458542,1.25
2011-01-19,1388756,1898914,3287670,1.37
2011-01-20,1144636,1550232,2694868,1.35
2011-01-21,950693,1295545,2246238,1.36
2011-01-24,628988,845667,1474655,1.34
2011-01-25,666352,1096251,1762603,1.65
2011-01-26,778096,1210846,1988942,1.56
2011-01-27,685645,1381865,2067510,2.02
2011-01-28,1183388,1911160,3094548,1.61
2011-01-31,693862,1195595,1889457,1.72
2011-02-01,1177659,1441828,2619487,1.22
2011-02-02,531845,852391,1384236,1.6
2011-02-03,701369,1018871,1720240,1.45
2011-02-04,845401,1043750,1889151,1.23
2011-02-07,859929,1238159,2098088,1.44
2011-02-08,703321,989321,1692642,1.41
2011-02-09,863709,1240702,2104411,1.44
2011-02-10,871836,1035179,1907015,1.19
2011-02-11,949944,1241170,2191114,1.31
2011-02-14,676554,1132191,1808745,1.67
2011-02-15,926475,1175659,2102134,1.27
2011-02-16,1184909,1661202,2846111,1.4
2011-02-17,1169200,1229350,2398550,1.05
2011-02-18,1083173,1547184,2630357,1.43
2011-02-22,1098766,1548668,2647434,1.41
2011-02-23,1432488,1784770,3217258,1.25
2011-02-24,1062309,1411307,2473616,1.33
2011-02-25,825533,1099337,1924870,1.33
2011-02-28,686400,930167,1616567,1.36
2011-03-01,841656,1178069,2019725,1.4
2011-03-02,964538,1044348,2008886,1.08
2011-03-03,914017,1185943,2099960,1.3
2011-03-04,1162410,1221087,2383497,1.05
2011-03-07,963513,1178521,2142034,1.22
2011-03-08,871044,1190512,2061556,1.37
2011-03-09,817277,970126,1787403,1.19
2011-03-10,1444137,1942106,3386243,1.34
2011-03-11,1069523,1592218,2661741,1.49
2011-03-14,1240096,1458707,2698803,1.18
2011-03-15,2165790,2825988,4991778,1.3
2011-03-16,2049571,3021209,5070780,1.47
2011-03-17,1554162,2042714,3596876,1.31
2011-03-18,1212459,1730756,2943215,1.43
2011-03-21,940255,1133602,2073857,1.21
2011-03-22,958962,969949,1928911,1.01
2011-03-23,838420,991745,1830165,1.18
2011-03-24,809448,1157938,1967386,1.43
2011-03-25,1224249,1358885,2583134,1.11
2011-03-28,621293,754425,1375718,1.21
2011-03-29,620551,683325,1303876,1.1
2011-03-30,968814,993806,1962620,1.03
2011-03-31,687577,948975,1636552,1.38
2011-04-01,922696,1326642,2249338,1.44
2011-04-04,543027,1051936,1594963,1.94
2011-04-05,750036,906250,1656286,1.21
2011-04-06,751576,718667,1470243,0.96
2011-04-07,776201,1135496,1911697,1.46
2011-04-08,1068166,1268387,2336553,1.19
2011-04-11,734186,1066564,1800750,1.45
2011-04-12,1046547,1920472,2967019,1.84
2011-04-13,1121490,1149490,2270980,1.02
2011-04-14,1174092,1477963,2652055,1.26
2011-04-15,1142664,1531197,2673861,1.34
2011-04-18,1032427,1203343,2235770,1.17
2011-04-19,801529,1022928,1824457,1.28
2011-04-20,1086017,1754781,2840798,1.62
2011-04-21,912120,1239190,2151310,1.36
2011-04-25,535213,559655,1094868,1.05
2011-04-26,892194,1112716,2004910,1.25
2011-04-27,860541,1098046,1958587,1.28
2011-04-28,1128613,1288072,2416685,1.14
2011-04-29,961899,1308135,2270034,1.36
2011-05-02,794742,1098268,1893010,1.38
2011-05-03,928522,1211678,2140200,1.3
2011-05-04,910627,1299821,2210448,1.43
2011-05-05,1237308,1811820,3049128,1.46
2011-05-06,1144867,1480418,2625285,1.29
2011-05-09,706761,683799,1390560,0.97
2011-05-10,819159,856045,1675204,1.05
2011-05-11,884177,1158594,2042771,1.31
2011-05-12,1032624,1068223,2100847,1.03
2011-05-13,907926,1038747,1946673,1.14
2011-05-16,890254,1221246,2111500,1.37
2011-05-17,1130206,1733626,2863832,1.53
2011-05-18,1183628,1405288,2588916,1.19
2011-05-19,1183019,1416649,2599668,1.2
2011-05-20,1101856,1482604,2584460,1.35
2011-05-23,934736,1321116,2255852,1.41
2011-05-24,738959,792892,1531851,1.07
2011-05-25,689146,764553,1453699,1.11
2011-05-26,798364,991169,1789533,1.24
2011-05-27,942611,847378,1789989,0.9
2011-05-31,1016371,986490,2002861,0.97
2011-06-01,927842,1437607,2365449,1.55
2011-06-02,984238,1336248,2320486,1.36
2011-06-03,884662,1528800,2413462,1.73
2011-06-06,923172,1356438,2279610,1.47
2011-06-07,892960,1249826,2142786,1.4
2011-06-08,1104272,1498492,2602764,1.36
2011-06-09,832272,1104951,1937223,1.33
2011-06-10,1267460,1631023,2898483,1.29
2011-06-13,1026437,1401251,2427688,1.37
2011-06-14,1190075,1556566,2746641,1.31
2011-06-15,1656094,2453951,4110045,1.48
2011-06-16,1950959,2274437,4225396,1.17
2011-06-17,1295944,1644768,2940712,1.27
2011-06-20,749051,990948,1739999,1.32
2011-06-21,1026517,1367920,2394437,1.33
2011-06-22,880224,1028310,1908534,1.17
2011-06-23,1284821,1711674,2996495,1.33
2011-06-24,808531,1131060,1939591,1.4
2011-06-27,973886,1001129,1975015,1.03
2011-06-28,993038,1201381,2194419,1.21
2011-06-29,1048637,1469056,2517693,1.4
2011-06-30,1304693,1596153,2900846,1.22
2011-07-01,1430396,1558129,2988525,1.09
2011-07-05,752302,1261184,2013486,1.68
2011-07-06,680208,970857,1651065,1.43
2011-07-07,1356901,1493114,2850015,1.1
2011-07-08,851978,1271502,2123480,1.49
2011-07-11,1148137,1722568,2870705,1.5
2011-07-12,1057572,1538142,2595714,1.45
2011-07-13,984727,1321088,2305815,1.34
2011-07-14,1511544,1850465,3362009,1.22
2011-07-15,1237051,1892528,3129579,1.53
2011-07-18,1073690,1323720,2397410,1.23
2011-07-19,1203122,1034474,2237596,0.86
2011-07-20,1001482,996415,1997897,0.99
2011-07-21,1308690,1259687,2568377,0.96
2011-07-22,860398,947836,1808234,1.1
2011-07-25,653097,889846,1542943,1.36
2011-07-26,700942,780975,1481917,1.11
2011-07-27,1289244,1974260,3263504,1.53
2011-07-28,1180600,1310603,2491203,1.11
2011-07-29,1427650,2103001,3530651,1.47
2011-08-01,1256601,1759922,3016523,1.4
2011-08-02,1689340,2416532,4105872,1.43
2011-08-03,1633455,2736385,4369840,1.68
2011-08-04,2711320,4043009,6754329,1.49
2011-08-05,3002357,4155773,7158130,1.38
2011-08-08,2916119,4397929,7314048,1.51
2011-08-09,2210300,4063812,6274112,1.84
2011-08-10,1969120,2941523,4910643,1.49
2011-08-11,1914879,2579754,4494633,1.35
2011-08-12,1402451,1857837,3260288,1.32
2011-08-15,1305919,1906889,3212808,1.46
2011-08-16,1451342,1772956,3224298,1.22
2011-08-17,1321761,2295725,3617486,1.74
2011-08-18,2036666,3627733,5664399,1.78
2011-08-19,1599513,2444403,4043916,1.53
2011-08-22,973210,1443529,2416739,1.48
2011-08-23,1171664,1645047,2816711,1.4
2011-08-24,974035,1666887,2640922,1.71
2011-08-25,1037800,1840318,2878118,1.77
2011-08-26,1332182,1965111,3297293,1.48
2011-08-29,981051,1431262,2412313,1.46
2011-08-30,904245,1397283,2301528,1.55
2011-08-31,1247471,2044615,3292086,1.64
2011-09-01,1029788,1400514,2430302,1.36
2011-09-02,1044342,1938704,2983046,1.86
2011-09-06,1194066,1955245,3149311,1.64
2011-09-07,1333138,1420277,2753415,1.07
2011-09-08,951303,1418283,2369586,1.49
2011-09-09,1612228,2587041,4199269,1.6
2011-09-12,1282471,2050590,3333061,1.6
2011-09-13,1208025,1801729,3009754,1.49
2011-09-14,1531568,2015094,3546662,1.32
2011-09-15,1608235,1978297,3586532,1.23
2011-09-16,1614386,2076710,3691096,1.29
2011-09-19,965623,1299258,2264881,1.35
2011-09-20,949309,1547444,2496753,1.63
2011-09-21,1135682,1968302,3103984,1.73
2011-09-22,1880680,2939457,4820137,1.56
2011-09-23,1266427,1947005,3213432,1.54
2011-09-26,835985,1261217,2097202,1.51
2011-09-27,1021968,1646696,2668664,1.61
2011-09-28,712898,1436074,2148972,2.01
2011-09-29,916500,1377930,2294430,1.5
2011-09-30,1136760,1806965,2943725,1.59
2011-10-03,1255926,2043758,3299684,1.63
2011-10-04,1723588,2619366,4342954,1.52
2011-10-05,1172822,1700483,2873305,1.45
2011-10-06,1089460,1918041,3007501,1.76
2011-10-07,1080959,1632977,2713936,1.51
2011-10-10,842354,1504403,2346757,1.79
2011-10-11,771859,1565132,2336991,2.03
2011-10-12,1219293,2287004,3506297,1.88
2011-10-13,881382,1191139,2072521,1.35
2011-10-14,1118918,1517450,2636368,1.36
2011-10-17,934848,1492469,2427317,1.6
2011-10-18,1219820,1668336,2888156,1.37
2011-10-19,1127788,1709417,2837205,1.52
2011-10-20,1254227,2387517,3641744,1.9
2011-10-21,1403511,1743453,3146964,1.24
2011-10-24,1029532,1517059,2546591,1.47
2011-10-25,922584,1194683,2117267,1.29
2011-10-26,721302,1028308,1749610,1.43
2011-10-27,1941711,2478792,4420503,1.28
2011-10-28,892862,1384248,2277110,1.55
2011-10-31,701623,1263045,1964668,1.8
2011-11-01,1375075,2347809,3722884,1.71
2011-11-02,748395,1276348,2024743,1.71
2011-11-03,953902,1421165,2375067,1.49
2011-11-04,694250,1044921,1739171,1.51
2011-11-07,642333,899636,1541969,1.4
2011-11-08,876754,1601063,2477817,1.83
2011-11-09,1236878,2058128,3295006,1.66
2011-11-10,758299,1227167,1985466,1.62
2011-11-11,1000756,1164826,2165582,1.16
2011-11-14,780714,1138962,1919676,1.46
2011-11-15,915321,1351458,2266779,1.48
2011-11-16,973762,1908272,2882034,1.96
2011-11-17,1520976,2454298,3975274,1.61
2011-11-18,1456261,1279311,2735572,0.88
2011-11-21,829391,1320085,2149476,1.59
2011-11-22,749750,1108833,1858583,1.48
2011-11-23,934066,1698735,2632801,1.82
2011-11-25,462246,793483,1255729,1.72
2011-11-28,743228,866484,1609712,1.17
2011-11-29,656965,917298,1574263,1.4
2011-11-30,1367780,1661884,3029664,1.22
2011-12-01,999430,1179991,2179421,1.18
2011-12-02,1046602,1397880,2444482,1.34
2011-12-05,840487,1046635,1887122,1.25
2011-12-06,929967,857509,1787476,0.92
2011-12-07,914418,943612,1858030,1.03
2011-12-08,947066,1061071,2008137,1.12
2011-12-09,1064471,1639772,2704243,1.54
2011-12-12,929396,1101381,2030777,1.19
2011-12-13,1090711,1578448,2669159,1.45
2011-12-14,1300334,1692666,2993000,1.3
2011-12-15,977672,1443558,2421230,1.48
2011-12-16,1100038,1490898,2590936,1.36
2011-12-19,729070,880198,1609268,1.21
2011-12-20,813992,940992,1754984,1.16
2011-12-21,734558,1056121,1790679,1.44
2011-12-22,705283,931397,1636680,1.32
2011-12-23,482634,537452,1020086,1.11
2011-12-27,350097,496280,846377,1.42
2011-12-28,500739,602403,1103142,1.2
2011-12-29,479210,725470,1204680,1.51
2011-12-30,482734,593141,1075875,1.23
2012-01-03,772702,826120,1598822,1.07
2012-01-04,603281,754594,1357875,1.25
2012-01-05,800764,870377,1671141,1.09
2012-01-06,844280,1165690,2009970,1.38
2012-01-09,592655,830991,1423646,1.4
2012-01-10,1047280,1155932,2203212,1.1
2012-01-11,615830,801828,1417658,1.3
2012-01-12,899358,1121414,2020772,1.25
2012-01-13,1439721,1209668,2649389,0.84
2012-01-17,944789,1139615,2084404,1.21
2012-01-18,1421660,1625638,3047298,1.14
2012-01-19,1609784,1617188,3226972,1.0
2012-01-20,1254016,1560051,2814067,1.24
2012-01-23,809523,1484827,2294350,1.83
2012-01-24,617040,1138941,1755981,1.85
2012-01-25,1074272,1140346,2214618,1.06
2012-01-26,926837,1369062,2295899,1.48
2012-01-27,763828,1006273,1770101,1.32
2012-01-30,628592,820759,1449351,1.31
2012-01-31,712936,933288,1646224,1.31
2012-02-01,1084440,1200453,2284893,1.11
2012-02-02,725960,953696,1679656,1.31
2012-02-03,1731300,1764077,3495377,1.02
2012-02-06,602141,819332,1421473,1.36
2012-02-07,1222413,1093078,2315491,0.89
2012-02-08,1021923,1281055,2302978,1.25
2012-02-09,952610,1286558,2239168,1.35
2012-02-10,1412409,1992159,3404568,1.41
2012-02-13,794336,1175738,1970074,1.48
2012-02-14,993571,1495499,2489070,1.51
2012-02-15,1333388,2163440,3496828,1.62
2012-02-16,1442915,1666276,3109191,1.15
2012-02-17,1269158,1404403,2673561,1.11
2012-02-21,957892,1203018,2160910,1.26
2012-02-22,979352,1173797,2153149,1.2
2012-02-23,980620,1336271,2316891,1.36
2012-02-24,933286,1521517,2454803,1.63
2012-02-27,744401,964297,1708698,1.3
2012-02-28,813962,900855,1714817,1.11
2012-02-29,939838,1477248,2417086,1.57
2012-03-01,926485,1359391,2285876,1.47
2012-03-02,860716,1162576,2023292,1.35
2012-03-05,732494,882295,1614789,1.2
2012-03-06,1308215,1685635,2993850,1.29
2012-03-07,849037,1185048,2034085,1.4
2012-03-08,1014957,1297186,2312143,1.28
2012-03-09,1158402,1345177,2503579,1.16
2012-03-12,731583,1138244,1869827,1.56
2012-03-13,1398176,1571352,2969528,1.12
2012-03-14,1596694,1743462,3340156,1.09
2012-03-15,1604991,1433639,3038630,0.89
2012-03-16,1212500,1577214,2789714,1.3
2012-03-19,1265345,1653804,2919149,1.31
2012-03-20,934222,1225824,2160046,1.31
2012-03-21,1268241,1758145,3026386,1.39
2012-03-22,818979,1389334,2208313,1.7
2012-03-23,840679,1300595,2141274,1.55
2012-03-26,1022724,1438470,2461194,1.41
2012-03-27,875406,1367582,2242988,1.56
2012-03-28,982746,1343116,2325862,1.37
2012-03-29,924867,1381530,2306397,1.49
2012-03-30,855805,1225468,2081273,1.43
2012-04-02,847892,1051387,1899279,1.24
2012-04-03,746406,1146705,1893111,1.54
2012-04-04,922467,1245791,2168258,1.35
2012-04-05,933143,1243520,2176663,1.33
2012-04-09,758303,1070652,1828955,1.41
2012-04-10,1567927,1998918,3566845,1.27
2012-04-11,927535,1479622,2407157,1.6
2012-04-12,1097625,1454072,2551697,1.32
2012-04-13,1069006,1273265,2342271,1.19
2012-04-16,901299,1228873,2130172,1.36
2012-04-17,1137541,1321441,2458982,1.16
2012-04-18,835829,1326409,2162238,1.59
2012-04-19,1186059,1680820,2866879,1.42
2012-04-20,1134086,1411863,2545949,1.24
2012-04-23,831654,953940,1785594,1.15
2012-04-24,596136,831178,1427314,1.39
2012-04-25,773099,1037607,1810706,1.34
2012-04-26,937405,1051732,1989137,1.12
2012-04-27,757694,950418,1708112,1.25
2012-04-30,662748,705105,1367853,1.06
2012-05-01,776575,1176210,1952785,1.51
2012-05-02,781723,1051219,1832942,1.34
2012-05-03,1043336,1169315,2212651,1.12
2012-05-04,1191342,1701703,2893045,1.43
2012-05-07,809330,962716,1772046,1.19
2012-05-08,1077245,1713750,2790995,1.59
2012-05-09,1306869,1700613,3007482,1.3
2012-05-10,795305,1302183,2097488,1.64
2012-05-11,848228,1679310,2527538,1.98
2012-05-14,1107438,1801561,2908999,1.63
2012-05-15,1289588,1921998,3211586,1.49
2012-05-16,1579972,2376100,3956072,1.5
2012-05-17,1653995,3112499,4766494,1.88
2012-05-18,1695519,2743867,4439386,1.62
2012-05-21,1079730,1455655,2535385,1.35
2012-05-22,1108036,1545571,2653607,1.39
2012-05-23,1267250,1491960,2759210,1.18
2012-05-24,1302121,1462814,2764935,1.12
2012-05-25,725217,1139561,1864778,1.57
2012-05-29,824479,1088687,1913166,1.32
2012-05-30,847888,1413101,2260989,1.67
2012-05-31,1111996,1437405,2549401,1.29
2012-06-01,1547528,2759697,4307225,1.78
2012-06-04,1205173,1376018,2581191,1.14
2012-06-05,989919,1279868,2269787,1.29
2012-06-06,1338991,2071813,3410804,1.55
2012-06-07,1448501,1783495,3231996,1.23
